PassengerId,Survived,Pclass,Name,Sex,Age,SibSp,Parch,Ticket,Fare,Embarked,IsChild,FareCategory
1,False,3,"Braund, Mr. Owen Harris",male,22.0,1,0,A/5 21171,7.25,S,False,Low
2,True,1,"Cumings, Mrs. John Bradley (Florence Briggs Thayer)",female,38.0,1,0,PC 17599,71.2833,C,False,Very High
3,True,3,"Heikkinen, Miss. Laina",female,26.0,0,0,STON/O2. 3101282,7.925,S,False,Medium
4,True,1,"Futrelle, Mrs. Jacques Heath (Lily May Peel)",female,35.0,1,0,113803,53.1,S,False,Very High
5,False,3,"Allen, Mr. William Henry",male,35.0,0,0,373450,8.05,S,False,Medium
6,False,3,"Moran, Mr. James",male,28.0,0,0,330877,8.4583,Q,False,Medium
7,False,1,"McCarthy, Mr. Timothy J",male,54.0,0,0,17463,51.8625,S,False,Very High
8,False,3,"Palsson, Master. Gosta Leonard",male,2.0,3,1,349909,21.075,S,True,High
9,True,3,"Johnson, Mrs. Oscar W (Elisabeth Vilhelmina Berg)",female,27.0,0,2,347742,11.1333,S,False,Medium
10,True,2,"Nasser, Mrs. Nicholas (Adele Achem)",female,14.0,1,0,237736,30.0708,C,True,High
11,True,3,"Sandstrom, Miss. Marguerite Rut",female,4.0,1,1,PP 9549,16.7,S,True,High
12,True,1,"Bonnell, Miss. Elizabeth",female,58.0,0,0,113783,26.55,S,False,High
13,False,3,"Saundercock, Mr. William Henry",male,20.0,0,0,A/5. 2151,8.05,S,False,Medium
14,False,3,"Andersson, Mr. Anders Johan",male,39.0,1,5,347082,31.275,S,False,Very High
15,False,3,"Vestrom, Miss. Hulda Amanda Adolfina",female,14.0,0,0,350406,7.8542,S,True,Low
16,True,2,"Hewlett, Mrs. (Mary D Kingcome) ",female,55.0,0,0,248706,16.0,S,False,High
17,False,3,"Rice, Master. Eugene",male,2.0,4,1,382652,29.125,Q,True,High
18,True,2,"Williams, Mr. Charles Eugene",male,28.0,0,0,244373,13.0,S,False,Medium
19,False,3,"Vander Planke, Mrs. Julius (Emelia Maria Vandemoortele)",female,31.0,1,0,345763,18.0,S,False,High
20,True,3,"Masselmani, Mrs. Fatima",female,28.0,0,0,2649,7.225,C,False,Low
21,False,2,"Fynney, Mr. Joseph J",male,35.0,0,0,239865,26.0,S,False,High
22,True,2,"Beesley, Mr. Lawrence",male,34.0,0,0,248698,13.0,S,False,Medium
23,True,3,"McGowan, Miss. Anna ""Annie""",female,15.0,0,0,330923,8.0292,Q,True,Medium
24,True,1,"Sloper, Mr. William Thompson",male,28.0,0,0,113788,35.5,S,False,Very High
25,False,3,"Palsson, Miss. Torborg Danira",female,8.0,3,1,349909,21.075,S,True,High
26,True,3,"Asplund, Mrs. Carl Oscar (Selma Augusta Emilia Johansson)",female,38.0,1,5,347077,31.3875,S,False,Very High
27,False,3,"Emir, Mr. Farred Chehab",male,28.0,0,0,2631,7.225,C,False,Low
28,False,1,"Fortune, Mr. Charles Alexander",male,19.0,3,2,19950,263.0,S,False,Very High
29,True,3,"O'Dwyer, Miss. Ellen ""Nellie""",female,28.0,0,0,330959,7.8792,Q,False,Low
30,False,3,"Todoroff, Mr. Lalio",male,28.0,0,0,349216,7.8958,S,False,Low
31,False,1,"Uruchurtu, Don. Manuel E",male,40.0,0,0,PC 17601,27.7208,C,False,High
32,True,1,"Spencer, Mrs. William Augustus (Marie Eugenie)",female,28.0,1,0,PC 17569,146.5208,C,False,Very High
33,True,3,"Glynn, Miss. Mary Agatha",female,28.0,0,0,335677,7.75,Q,False,Low
34,False,2,"Wheadon, Mr. Edward H",male,66.0,0,0,C.A. 24579,10.5,S,False,Medium
35,False,1,"Meyer, Mr. Edgar Joseph",male,28.0,1,0,PC 17604,82.1708,C,False,Very High
36,False,1,"Holverson, Mr. Alexander Oskar",male,42.0,1,0,113789,52.0,S,False,Very High
37,True,3,"Mamee, Mr. Hanna",male,28.0,0,0,2677,7.2292,C,False,Low
38,False,3,"Cann, Mr. Ernest Charles",male,21.0,0,0,A./5. 2152,8.05,S,False,Medium
39,False,3,"Vander Planke, Miss. Augusta Maria",female,18.0,2,0,345764,18.0,S,False,High
40,True,3,"Nicola-Yarred, Miss. Jamila",female,14.0,1,0,2651,11.2417,C,True,Medium
41,False,3,"Ahlin, Mrs. Johan (Johanna Persdotter Larsson)",female,40.0,1,0,7546,9.475,S,False,Medium
42,False,2,"Turpin, Mrs. William John Robert (Dorothy Ann Wonnacott)",female,27.0,1,0,11668,21.0,S,False,High
43,False,3,"Kraeff, Mr. Theodor",male,28.0,0,0,349253,7.8958,C,False,Low
44,True,2,"Laroche, Miss. Simonne Marie Anne Andree",female,3.0,1,2,SC/Paris 2123,41.5792,C,True,Very High
45,True,3,"Devaney, Miss. Margaret Delia",female,19.0,0,0,330958,7.8792,Q,False,Low
46,False,3,"Rogers, Mr. William John",male,28.0,0,0,S.C./A.4. 23567,8.05,S,False,Medium
47,False,3,"Lennon, Mr. Denis",male,28.0,1,0,370371,15.5,Q,False,High
48,True,3,"O'Driscoll, Miss. Bridget",female,28.0,0,0,14311,7.75,Q,False,Low
49,False,3,"Samaan, Mr. Youssef",male,28.0,2,0,2662,21.6792,C,False,High
50,False,3,"Arnold-Franchi, Mrs. Josef (Josefine Franchi)",female,18.0,1,0,349237,17.8,S,False,High
51,False,3,"Panula, Master. Juha Niilo",male,7.0,4,1,3101295,39.6875,S,True,Very High
52,False,3,"Nosworthy, Mr. Richard Cater",male,21.0,0,0,A/4. 39886,7.8,S,False,Low
53,True,1,"Harper, Mrs. Henry Sleeper (Myna Haxtun)",female,49.0,1,0,PC 17572,76.7292,C,False,Very High
54,True,2,"Faunthorpe, Mrs. Lizzie (Elizabeth Anne Wilkinson)",female,29.0,1,0,2926,26.0,S,False,High
55,False,1,"Ostby, Mr. Engelhart Cornelius",male,65.0,0,1,113509,61.9792,C,False,Very High
56,True,1,"Woolner, Mr. Hugh",male,28.0,0,0,19947,35.5,S,False,Very High
57,True,2,"Rugg, Miss. Emily",female,21.0,0,0,C.A. 31026,10.5,S,False,Medium
58,False,3,"Novel, Mr. Mansouer",male,28.5,0,0,2697,7.2292,C,False,Low
59,True,2,"West, Miss. Constance Mirium",female,5.0,1,2,C.A. 34651,27.75,S,True,High
60,False,3,"Goodwin, Master. William Frederick",male,11.0,5,2,CA 2144,46.9,S,True,Very High
61,False,3,"Sirayanian, Mr. Orsen",male,22.0,0,0,2669,7.2292,C,False,Low
62,True,1,"Icard, Miss. Amelie",female,38.0,0,0,113572,80.0,S,False,Very High
63,False,1,"Harris, Mr. Henry Birkhardt",male,45.0,1,0,36973,83.475,S,False,Very High
64,False,3,"Skoog, Master. Harald",male,4.0,3,2,347088,27.9,S,True,High
65,False,1,"Stewart, Mr. Albert A",male,28.0,0,0,PC 17605,27.7208,C,False,High
66,True,3,"Moubarek, Master. Gerios",male,28.0,1,1,2661,15.2458,C,False,High
67,True,2,"Nye, Mrs. (Elizabeth Ramell)",female,29.0,0,0,C.A. 29395,10.5,S,False,Medium
68,False,3,"Crease, Mr. Ernest James",male,19.0,0,0,S.P. 3464,8.1583,S,False,Medium
69,True,3,"Andersson, Miss. Erna Alexandra",female,17.0,4,2,3101281,7.925,S,True,Medium
70,False,3,"Kink, Mr. Vincenz",male,26.0,2,0,315151,8.6625,S,False,Medium
71,False,2,"Jenkin, Mr. Stephen Curnow",male,32.0,0,0,C.A. 33111,10.5,S,False,Medium
72,False,3,"Goodwin, Miss. Lillian Amy",female,16.0,5,2,CA 2144,46.9,S,True,Very High
73,False,2,"Hood, Mr. Ambrose Jr",male,21.0,0,0,S.O.C. 14879,73.5,S,False,Very High
74,False,3,"Chronopoulos, Mr. Apostolos",male,26.0,1,0,2680,14.4542,C,False,Medium
75,True,3,"Bing, Mr. Lee",male,32.0,0,0,1601,56.4958,S,False,Very High
76,False,3,"Moen, Mr. Sigurd Hansen",male,25.0,0,0,348123,7.65,S,False,Low
77,False,3,"Staneff, Mr. Ivan",male,28.0,0,0,349208,7.8958,S,False,Low
78,False,3,"Moutal, Mr. Rahamin Haim",male,28.0,0,0,374746,8.05,S,False,Medium
79,True,2,"Caldwell, Master. Alden Gates",male,0.83,0,2,248738,29.0,S,True,High
80,True,3,"Dowdell, Miss. Elizabeth",female,30.0,0,0,364516,12.475,S,False,Medium
81,False,3,"Waelens, Mr. Achille",male,22.0,0,0,345767,9.0,S,False,Medium
82,True,3,"Sheerlinck, Mr. Jan Baptist",male,29.0,0,0,345779,9.5,S,False,Medium
83,True,3,"McDermott, Miss. Brigdet Delia",female,28.0,0,0,330932,7.7875,Q,False,Low
84,False,1,"Carrau, Mr. Francisco M",male,28.0,0,0,113059,47.1,S,False,Very High
85,True,2,"Ilett, Miss. Bertha",female,17.0,0,0,SO/C 14885,10.5,S,True,Medium
86,True,3,"Backstrom, Mrs. Karl Alfred (Maria Mathilda Gustafsson)",female,33.0,3,0,3101278,15.85,S,False,High
87,False,3,"Ford, Mr. William Neal",male,16.0,1,3,W./C. 6608,34.375,S,True,Very High
88,False,3,"Slocovski, Mr. Selman Francis",male,28.0,0,0,SOTON/OQ 392086,8.05,S,False,Medium
89,True,1,"Fortune, Miss. Mabel Helen",female,23.0,3,2,19950,263.0,S,False,Very High
90,False,3,"Celotti, Mr. Francesco",male,24.0,0,0,343275,8.05,S,False,Medium
91,False,3,"Christmann, Mr. Emil",male,29.0,0,0,343276,8.05,S,False,Medium
92,False,3,"Andreasson, Mr. Paul Edvin",male,20.0,0,0,347466,7.8542,S,False,Low
93,False,1,"Chaffee, Mr. Herbert Fuller",male,46.0,1,0,W.E.P. 5734,61.175,S,False,Very High
94,False,3,"Dean, Mr. Bertram Frank",male,26.0,1,2,C.A. 2315,20.575,S,False,High
95,False,3,"Coxon, Mr. Daniel",male,59.0,0,0,364500,7.25,S,False,Low
96,False,3,"Shorney, Mr. Charles Joseph",male,28.0,0,0,374910,8.05,S,False,Medium
97,False,1,"Goldschmidt, Mr. George B",male,71.0,0,0,PC 17754,34.6542,C,False,Very High
98,True,1,"Greenfield, Mr. William Bertram",male,23.0,0,1,PC 17759,63.3583,C,False,Very High
99,True,2,"Doling, Mrs. John T (Ada Julia Bone)",female,34.0,0,1,231919,23.0,S,False,High
100,False,2,"Kantor, Mr. Sinai",male,34.0,1,0,244367,26.0,S,False,High
101,False,3,"Petranec, Miss. Matilda",female,28.0,0,0,349245,7.8958,S,False,Low
102,False,3,"Petroff, Mr. Pastcho (""Pentcho"")",male,28.0,0,0,349215,7.8958,S,False,Low
103,False,1,"White, Mr. Richard Frasar",male,21.0,0,1,35281,77.2875,S,False,Very High
104,False,3,"Johansson, Mr. Gustaf Joel",male,33.0,0,0,7540,8.6542,S,False,Medium
105,False,3,"Gustafsson, Mr. Anders Vilhelm",male,37.0,2,0,3101276,7.925,S,False,Medium
106,False,3,"Mionoff, Mr. Stoytcho",male,28.0,0,0,349207,7.8958,S,False,Low
107,True,3,"Salkjelsvik, Miss. Anna Kristine",female,21.0,0,0,343120,7.65,S,False,Low
108,True,3,"Moss, Mr. Albert Johan",male,28.0,0,0,312991,7.775,S,False,Low
109,False,3,"Rekic, Mr. Tido",male,38.0,0,0,349249,7.8958,S,False,Low
110,True,3,"Moran, Miss. Bertha",female,28.0,1,0,371110,24.15,Q,False,High
111,False,1,"Porter, Mr. Walter Chamberlain",male,47.0,0,0,110465,52.0,S,False,Very High
112,False,3,"Zabour, Miss. Hileni",female,14.5,1,0,2665,14.4542,C,True,Medium
113,False,3,"Barton, Mr. David John",male,22.0,0,0,324669,8.05,S,False,Medium
114,False,3,"Jussila, Miss. Katriina",female,20.0,1,0,4136,9.825,S,False,Medium
115,False,3,"Attalah, Miss. Malake",female,17.0,0,0,2627,14.4583,C,True,High
116,False,3,"Pekoniemi, Mr. Edvard",male,21.0,0,0,STON/O 2. 3101294,7.925,S,False,Medium
117,False,3,"Connors, Mr. Patrick",male,70.5,0,0,370369,7.75,Q,False,Low
118,False,2,"Turpin, Mr. William John Robert",male,29.0,1,0,11668,21.0,S,False,High
119,False,1,"Baxter, Mr. Quigg Edmond",male,24.0,0,1,PC 17558,247.5208,C,False,Very High
120,False,3,"Andersson, Miss. Ellis Anna Maria",female,2.0,4,2,347082,31.275,S,True,Very High
121,False,2,"Hickman, Mr. Stanley George",male,21.0,2,0,S.O.C. 14879,73.5,S,False,Very High
122,False,3,"Moore, Mr. Leonard Charles",male,28.0,0,0,A4. 54510,8.05,S,False,Medium
123,False,2,"Nasser, Mr. Nicholas",male,32.5,1,0,237736,30.0708,C,False,High
124,True,2,"Webber, Miss. Susan",female,32.5,0,0,27267,13.0,S,False,Medium
125,False,1,"White, Mr. Percival Wayland",male,54.0,0,1,35281,77.2875,S,False,Very High
126,True,3,"Nicola-Yarred, Master. Elias",male,12.0,1,0,2651,11.2417,C,True,Medium
127,False,3,"McMahon, Mr. Martin",male,28.0,0,0,370372,7.75,Q,False,Low
128,True,3,"Madsen, Mr. Fridtjof Arne",male,24.0,0,0,C 17369,7.1417,S,False,Low
129,True,3,"Peter, Miss. Anna",female,28.0,1,1,2668,22.3583,C,False,High
130,False,3,"Ekstrom, Mr. Johan",male,45.0,0,0,347061,6.975,S,False,Low
131,False,3,"Drazenoic, Mr. Jozef",male,33.0,0,0,349241,7.8958,C,False,Low
132,False,3,"Coelho, Mr. Domingos Fernandeo",male,20.0,0,0,SOTON/O.Q. 3101307,7.05,S,False,Low
133,False,3,"Robins, Mrs. Alexander A (Grace Charity Laury)",female,47.0,1,0,A/5. 3337,14.5,S,False,High
134,True,2,"Weisz, Mrs. Leopold (Mathilde Francoise Pede)",female,29.0,1,0,228414,26.0,S,False,High
135,False,2,"Sobey, Mr. Samuel James Hayden",male,25.0,0,0,C.A. 29178,13.0,S,False,Medium
136,False,2,"Richard, Mr. Emile",male,23.0,0,0,SC/PARIS 2133,15.0458,C,False,High
137,True,1,"Newsom, Miss. Helen Monypeny",female,19.0,0,2,11752,26.2833,S,False,High
138,False,1,"Futrelle, Mr. Jacques Heath",male,37.0,1,0,113803,53.1,S,False,Very High
139,False,3,"Osen, Mr. Olaf Elon",male,16.0,0,0,7534,9.2167,S,True,Medium
140,False,1,"Giglio, Mr. Victor",male,24.0,0,0,PC 17593,79.2,C,False,Very High
141,False,3,"Boulos, Mrs. Joseph (Sultana)",female,28.0,0,2,2678,15.2458,C,False,High
142,True,3,"Nysten, Miss. Anna Sofia",female,22.0,0,0,347081,7.75,S,False,Low
143,True,3,"Hakkarainen, Mrs. Pekka Pietari (Elin Matilda Dolck)",female,24.0,1,0,STON/O2. 3101279,15.85,S,False,High
144,False,3,"Burke, Mr. Jeremiah",male,19.0,0,0,365222,6.75,Q,False,Low
145,False,2,"Andrew, Mr. Edgardo Samuel",male,18.0,0,0,231945,11.5,S,False,Medium
146,False,2,"Nicholls, Mr. Joseph Charles",male,19.0,1,1,C.A. 33112,36.75,S,False,Very High
147,True,3,"Andersson, Mr. August Edvard (""Wennerstrom"")",male,27.0,0,0,350043,7.7958,S,False,Low
148,False,3,"Ford, Miss. Robina Maggie ""Ruby""",female,9.0,2,2,W./C. 6608,34.375,S,True,Very High
149,False,2,"Navratil, Mr. Michel (""Louis M Hoffman"")",male,36.5,0,2,230080,26.0,S,False,High
150,False,2,"Byles, Rev. Thomas Roussel Davids",male,42.0,0,0,244310,13.0,S,False,Medium
151,False,2,"Bateman, Rev. Robert James",male,51.0,0,0,S.O.P. 1166,12.525,S,False,Medium
152,True,1,"Pears, Mrs. Thomas (Edith Wearne)",female,22.0,1,0,113776,66.6,S,False,Very High
153,False,3,"Meo, Mr. Alfonzo",male,55.5,0,0,A.5. 11206,8.05,S,False,Medium
154,False,3,"van Billiard, Mr. Austin Blyler",male,40.5,0,2,A/5. 851,14.5,S,False,High
155,False,3,"Olsen, Mr. Ole Martin",male,28.0,0,0,Fa 265302,7.3125,S,False,Low
156,False,1,"Williams, Mr. Charles Duane",male,51.0,0,1,PC 17597,61.3792,C,False,Very High
157,True,3,"Gilnagh, Miss. Katherine ""Katie""",female,16.0,0,0,35851,7.7333,Q,True,Low
158,False,3,"Corn, Mr. Harry",male,30.0,0,0,SOTON/OQ 392090,8.05,S,False,Medium
159,False,3,"Smiljanic, Mr. Mile",male,28.0,0,0,315037,8.6625,S,False,Medium
160,False,3,"Sage, Master. Thomas Henry",male,28.0,8,2,CA. 2343,69.55,S,False,Very High
161,False,3,"Cribb, Mr. John Hatfield",male,44.0,0,1,371362,16.1,S,False,High
162,True,2,"Watt, Mrs. James (Elizabeth ""Bessie"" Inglis Milne)",female,40.0,0,0,C.A. 33595,15.75,S,False,High
163,False,3,"Bengtsson, Mr. John Viktor",male,26.0,0,0,347068,7.775,S,False,Low
164,False,3,"Calic, Mr. Jovo",male,17.0,0,0,315093,8.6625,S,True,Medium
165,False,3,"Panula, Master. Eino Viljami",male,1.0,4,1,3101295,39.6875,S,True,Very High
166,True,3,"Goldsmith, Master. Frank John William ""Frankie""",male,9.0,0,2,363291,20.525,S,True,High
167,True,1,"Chibnall, Mrs. (Edith Martha Bowerman)",female,28.0,0,1,113505,55.0,S,False,Very High
168,False,3,"Skoog, Mrs. William (Anna Bernhardina Karlsson)",female,45.0,1,4,347088,27.9,S,False,High
169,False,1,"Baumann, Mr. John D",male,28.0,0,0,PC 17318,25.925,S,False,High
170,False,3,"Ling, Mr. Lee",male,28.0,0,0,1601,56.4958,S,False,Very High
171,False,1,"Van der hoef, Mr. Wyckoff",male,61.0,0,0,111240,33.5,S,False,Very High
172,False,3,"Rice, Master. Arthur",male,4.0,4,1,382652,29.125,Q,True,High
173,True,3,"Johnson, Miss. Eleanor Ileen",female,1.0,1,1,347742,11.1333,S,True,Medium
174,False,3,"Sivola, Mr. Antti Wilhelm",male,21.0,0,0,STON/O 2. 3101280,7.925,S,False,Medium
175,False,1,"Smith, Mr. James Clinch",male,56.0,0,0,17764,30.6958,C,False,High
176,False,3,"Klasen, Mr. Klas Albin",male,18.0,1,1,350404,7.8542,S,False,Low
177,False,3,"Lefebre, Master. Henry Forbes",male,28.0,3,1,4133,25.4667,S,False,High
178,False,1,"Isham, Miss. Ann Elizabeth",female,50.0,0,0,PC 17595,28.7125,C,False,High
179,False,2,"Hale, Mr. Reginald",male,30.0,0,0,250653,13.0,S,False,Medium
180,False,3,"Leonard, Mr. Lionel",male,36.0,0,0,LINE,0.0,S,False,Low
181,False,3,"Sage, Miss. Constance Gladys",female,28.0,8,2,CA. 2343,69.55,S,False,Very High
182,False,2,"Pernot, Mr. Rene",male,28.0,0,0,SC/PARIS 2131,15.05,C,False,High
183,False,3,"Asplund, Master. Clarence Gustaf Hugo",male,9.0,4,2,347077,31.3875,S,True,Very High
184,True,2,"Becker, Master. Richard F",male,1.0,2,1,230136,39.0,S,True,Very High
185,True,3,"Kink-Heilmann, Miss. Luise Gretchen",female,4.0,0,2,315153,22.025,S,True,High
186,False,1,"Rood, Mr. Hugh Roscoe",male,28.0,0,0,113767,50.0,S,False,Very High
187,True,3,"O'Brien, Mrs. Thomas (Johanna ""Hannah"" Godfrey)",female,28.0,1,0,370365,15.5,Q,False,High
188,True,1,"Romaine, Mr. Charles Hallace (""Mr C Rolmane"")",male,45.0,0,0,111428,26.55,S,False,High
189,False,3,"Bourke, Mr. John",male,40.0,1,1,364849,15.5,Q,False,High
190,False,3,"Turcin, Mr. Stjepan",male,36.0,0,0,349247,7.8958,S,False,Low
191,True,2,"Pinsky, Mrs. (Rosa)",female,32.0,0,0,234604,13.0,S,False,Medium
192,False,2,"Carbines, Mr. William",male,19.0,0,0,28424,13.0,S,False,Medium
193,True,3,"Andersen-Jensen, Miss. Carla Christine Nielsine",female,19.0,1,0,350046,7.8542,S,False,Low
194,True,2,"Navratil, Master. Michel M",male,3.0,1,1,230080,26.0,S,True,High
195,True,1,"Brown, Mrs. James Joseph (Margaret Tobin)",female,44.0,0,0,PC 17610,27.7208,C,False,High
196,True,1,"Lurette, Miss. Elise",female,58.0,0,0,PC 17569,146.5208,C,False,Very High
197,False,3,"Mernagh, Mr. Robert",male,28.0,0,0,368703,7.75,Q,False,Low
198,False,3,"Olsen, Mr. Karl Siegwart Andreas",male,42.0,0,1,4579,8.4042,S,False,Medium
199,True,3,"Madigan, Miss. Margaret ""Maggie""",female,28.0,0,0,370370,7.75,Q,False,Low
200,False,2,"Yrois, Miss. Henriette (""Mrs Harbeck"")",female,24.0,0,0,248747,13.0,S,False,Medium
201,False,3,"Vande Walle, Mr. Nestor Cyriel",male,28.0,0,0,345770,9.5,S,False,Medium
202,False,3,"Sage, Mr. Frederick",male,28.0,8,2,CA. 2343,69.55,S,False,Very High
203,False,3,"Johanson, Mr. Jakob Alfred",male,34.0,0,0,3101264,6.4958,S,False,Low
204,False,3,"Youseff, Mr. Gerious",male,45.5,0,0,2628,7.225,C,False,Low
205,True,3,"Cohen, Mr. Gurshon ""Gus""",male,18.0,0,0,A/5 3540,8.05,S,False,Medium
206,False,3,"Strom, Miss. Telma Matilda",female,2.0,0,1,347054,10.4625,S,True,Medium
207,False,3,"Backstrom, Mr. Karl Alfred",male,32.0,1,0,3101278,15.85,S,False,High
208,True,3,"Albimona, Mr. Nassef Cassem",male,26.0,0,0,2699,18.7875,C,False,High
209,True,3,"Carr, Miss. Helen ""Ellen""",female,16.0,0,0,367231,7.75,Q,True,Low
210,True,1,"Blank, Mr. Henry",male,40.0,0,0,112277,31.0,C,False,High
211,False,3,"Ali, Mr. Ahmed",male,24.0,0,0,SOTON/O.Q. 3101311,7.05,S,False,Low
212,True,2,"Cameron, Miss. Clear Annie",female,35.0,0,0,F.C.C. 13528,21.0,S,False,High
213,False,3,"Perkin, Mr. John Henry",male,22.0,0,0,A/5 21174,7.25,S,False,Low
214,False,2,"Givard, Mr. Hans Kristensen",male,30.0,0,0,250646,13.0,S,False,Medium
215,False,3,"Kiernan, Mr. Philip",male,28.0,1,0,367229,7.75,Q,False,Low
216,True,1,"Newell, Miss. Madeleine",female,31.0,1,0,35273,113.275,C,False,Very High
217,True,3,"Honkanen, Miss. Eliina",female,27.0,0,0,STON/O2. 3101283,7.925,S,False,Medium
218,False,2,"Jacobsohn, Mr. Sidney Samuel",male,42.0,1,0,243847,27.0,S,False,High
219,True,1,"Bazzani, Miss. Albina",female,32.0,0,0,11813,76.2917,C,False,Very High
220,False,2,"Harris, Mr. Walter",male,30.0,0,0,W/C 14208,10.5,S,False,Medium
221,True,3,"Sunderland, Mr. Victor Francis",male,16.0,0,0,SOTON/OQ 392089,8.05,S,True,Medium
222,False,2,"Bracken, Mr. James H",male,27.0,0,0,220367,13.0,S,False,Medium
223,False,3,"Green, Mr. George Henry",male,51.0,0,0,21440,8.05,S,False,Medium
224,False,3,"Nenkoff, Mr. Christo",male,28.0,0,0,349234,7.8958,S,False,Low
225,True,1,"Hoyt, Mr. Frederick Maxfield",male,38.0,1,0,19943,90.0,S,False,Very High
226,False,3,"Berglund, Mr. Karl Ivar Sven",male,22.0,0,0,PP 4348,9.35,S,False,Medium
227,True,2,"Mellors, Mr. William John",male,19.0,0,0,SW/PP 751,10.5,S,False,Medium
228,False,3,"Lovell, Mr. John Hall (""Henry"")",male,20.5,0,0,A/5 21173,7.25,S,False,Low
229,False,2,"Fahlstrom, Mr. Arne Jonas",male,18.0,0,0,236171,13.0,S,False,Medium
230,False,3,"Lefebre, Miss. Mathilde",female,28.0,3,1,4133,25.4667,S,False,High
231,True,1,"Harris, Mrs. Henry Birkhardt (Irene Wallach)",female,35.0,1,0,36973,83.475,S,False,Very High
232,False,3,"Larsson, Mr. Bengt Edvin",male,29.0,0,0,347067,7.775,S,False,Low
233,False,2,"Sjostedt, Mr. Ernst Adolf",male,59.0,0,0,237442,13.5,S,False,Medium
234,True,3,"Asplund, Miss. Lillian Gertrud",female,5.0,4,2,347077,31.3875,S,True,Very High
235,False,2,"Leyson, Mr. Robert William Norman",male,24.0,0,0,C.A. 29566,10.5,S,False,Medium
236,False,3,"Harknett, Miss. Alice Phoebe",female,28.0,0,0,W./C. 6609,7.55,S,False,Low
237,False,2,"Hold, Mr. Stephen",male,44.0,1,0,26707,26.0,S,False,High
238,True,2,"Collyer, Miss. Marjorie ""Lottie""",female,8.0,0,2,C.A. 31921,26.25,S,True,High
239,False,2,"Pengelly, Mr. Frederick William",male,19.0,0,0,28665,10.5,S,False,Medium
240,False,2,"Hunt, Mr. George Henry",male,33.0,0,0,SCO/W 1585,12.275,S,False,Medium
241,False,3,"Zabour, Miss. Thamine",female,28.0,1,0,2665,14.4542,C,False,Medium
242,True,3,"Murphy, Miss. Katherine ""Kate""",female,28.0,1,0,367230,15.5,Q,False,High
243,False,2,"Coleridge, Mr. Reginald Charles",male,29.0,0,0,W./C. 14263,10.5,S,False,Medium
244,False,3,"Maenpaa, Mr. Matti Alexanteri",male,22.0,0,0,STON/O 2. 3101275,7.125,S,False,Low
245,False,3,"Attalah, Mr. Sleiman",male,30.0,0,0,2694,7.225,C,False,Low
246,False,1,"Minahan, Dr. William Edward",male,44.0,2,0,19928,90.0,Q,False,Very High
247,False,3,"Lindahl, Miss. Agda Thorilda Viktoria",female,25.0,0,0,347071,7.775,S,False,Low
248,True,2,"Hamalainen, Mrs. William (Anna)",female,24.0,0,2,250649,14.5,S,False,High
249,True,1,"Beckwith, Mr. Richard Leonard",male,37.0,1,1,11751,52.5542,S,False,Very High
250,False,2,"Carter, Rev. Ernest Courtenay",male,54.0,1,0,244252,26.0,S,False,High
251,False,3,"Reed, Mr. James George",male,28.0,0,0,362316,7.25,S,False,Low
252,False,3,"Strom, Mrs. Wilhelm (Elna Matilda Persson)",female,29.0,1,1,347054,10.4625,S,False,Medium
253,False,1,"Stead, Mr. William Thomas",male,62.0,0,0,113514,26.55,S,False,High
254,False,3,"Lobb, Mr. William Arthur",male,30.0,1,0,A/5. 3336,16.1,S,False,High
255,False,3,"Rosblom, Mrs. Viktor (Helena Wilhelmina)",female,41.0,0,2,370129,20.2125,S,False,High
256,True,3,"Touma, Mrs. Darwis (Hanne Youssef Razi)",female,29.0,0,2,2650,15.2458,C,False,High
257,True,1,"Thorne, Mrs. Gertrude Maybelle",female,28.0,0,0,PC 17585,79.2,C,False,Very High
258,True,1,"Cherry, Miss. Gladys",female,30.0,0,0,110152,86.5,S,False,Very High
259,True,1,"Ward, Miss. Anna",female,35.0,0,0,PC 17755,512.3292,C,False,Very High
260,True,2,"Parrish, Mrs. (Lutie Davis)",female,50.0,0,1,230433,26.0,S,False,High
261,False,3,"Smith, Mr. Thomas",male,28.0,0,0,384461,7.75,Q,False,Low
262,True,3,"Asplund, Master. Edvin Rojj Felix",male,3.0,4,2,347077,31.3875,S,True,Very High
263,False,1,"Taussig, Mr. Emil",male,52.0,1,1,110413,79.65,S,False,Very High
264,False,1,"Harrison, Mr. William",male,40.0,0,0,112059,0.0,S,False,Low
265,False,3,"Henry, Miss. Delia",female,28.0,0,0,382649,7.75,Q,False,Low
266,False,2,"Reeves, Mr. David",male,36.0,0,0,C.A. 17248,10.5,S,False,Medium
267,False,3,"Panula, Mr. Ernesti Arvid",male,16.0,4,1,3101295,39.6875,S,True,Very High
268,True,3,"Persson, Mr. Ernst Ulrik",male,25.0,1,0,347083,7.775,S,False,Low
269,True,1,"Graham, Mrs. William Thompson (Edith Junkins)",female,58.0,0,1,PC 17582,153.4625,S,False,Very High
270,True,1,"Bissette, Miss. Amelia",female,35.0,0,0,PC 17760,135.6333,S,False,Very High
271,False,1,"Cairns, Mr. Alexander",male,28.0,0,0,113798,31.0,S,False,High
272,True,3,"Tornquist, Mr. William Henry",male,25.0,0,0,LINE,0.0,S,False,Low
273,True,2,"Mellinger, Mrs. (Elizabeth Anne Maidment)",female,41.0,0,1,250644,19.5,S,False,High
274,False,1,"Natsch, Mr. Charles H",male,37.0,0,1,PC 17596,29.7,C,False,High
275,True,3,"Healy, Miss. Hanora ""Nora""",female,28.0,0,0,370375,7.75,Q,False,Low
276,True,1,"Andrews, Miss. Kornelia Theodosia",female,63.0,1,0,13502,77.9583,S,False,Very High
277,False,3,"Lindblom, Miss. Augusta Charlotta",female,45.0,0,0,347073,7.75,S,False,Low
278,False,2,"Parkes, Mr. Francis ""Frank""",male,28.0,0,0,239853,0.0,S,False,Low
279,False,3,"Rice, Master. Eric",male,7.0,4,1,382652,29.125,Q,True,High
280,True,3,"Abbott, Mrs. Stanton (Rosa Hunt)",female,35.0,1,1,C.A. 2673,20.25,S,False,High
281,False,3,"Duane, Mr. Frank",male,65.0,0,0,336439,7.75,Q,False,Low
282,False,3,"Olsson, Mr. Nils Johan Goransson",male,28.0,0,0,347464,7.8542,S,False,Low
283,False,3,"de Pelsmaeker, Mr. Alfons",male,16.0,0,0,345778,9.5,S,True,Medium
284,True,3,"Dorking, Mr. Edward Arthur",male,19.0,0,0,A/5. 10482,8.05,S,False,Medium
285,False,1,"Smith, Mr. Richard William",male,28.0,0,0,113056,26.0,S,False,High
286,False,3,"Stankovic, Mr. Ivan",male,33.0,0,0,349239,8.6625,C,False,Medium
287,True,3,"de Mulder, Mr. Theodore",male,30.0,0,0,345774,9.5,S,False,Medium
288,False,3,"Naidenoff, Mr. Penko",male,22.0,0,0,349206,7.8958,S,False,Low
289,True,2,"Hosono, Mr. Masabumi",male,42.0,0,0,237798,13.0,S,False,Medium
290,True,3,"Connolly, Miss. Kate",female,22.0,0,0,370373,7.75,Q,False,Low
291,True,1,"Barber, Miss. Ellen ""Nellie""",female,26.0,0,0,19877,78.85,S,False,Very High
292,True,1,"Bishop, Mrs. Dickinson H (Helen Walton)",female,19.0,1,0,11967,91.0792,C,False,Very High
293,False,2,"Levy, Mr. Rene Jacques",male,36.0,0,0,SC/Paris 2163,12.875,C,False,Medium
294,False,3,"Haas, Miss. Aloisia",female,24.0,0,0,349236,8.85,S,False,Medium
295,False,3,"Mineff, Mr. Ivan",male,24.0,0,0,349233,7.8958,S,False,Low
296,False,1,"Lewy, Mr. Ervin G",male,28.0,0,0,PC 17612,27.7208,C,False,High
297,False,3,"Hanna, Mr. Mansour",male,23.5,0,0,2693,7.2292,C,False,Low
298,False,1,"Allison, Miss. Helen Loraine",female,2.0,1,2,113781,151.55,S,True,Very High
299,True,1,"Saalfeld, Mr. Adolphe",male,28.0,0,0,19988,30.5,S,False,High
300,True,1,"Baxter, Mrs. James (Helene DeLaudeniere Chaput)",female,50.0,0,1,PC 17558,247.5208,C,False,Very High
301,True,3,"Kelly, Miss. Anna Katherine ""Annie Kate""",female,28.0,0,0,9234,7.75,Q,False,Low
302,True,3,"McCoy, Mr. Bernard",male,28.0,2,0,367226,23.25,Q,False,High
303,False,3,"Johnson, Mr. William Cahoone Jr",male,19.0,0,0,LINE,0.0,S,False,Low
304,True,2,"Keane, Miss. Nora A",female,28.0,0,0,226593,12.35,Q,False,Medium
305,False,3,"Williams, Mr. Howard Hugh ""Harry""",male,28.0,0,0,A/5 2466,8.05,S,False,Medium
306,True,1,"Allison, Master. Hudson Trevor",male,0.92,1,2,113781,151.55,S,True,Very High
307,True,1,"Fleming, Miss. Margaret",female,28.0,0,0,17421,110.8833,C,False,Very High
308,True,1,"Penasco y Castellana, Mrs. Victor de Satode (Maria Josefa Perez de Soto y Vallejo)",female,17.0,1,0,PC 17758,108.9,C,True,Very High
309,False,2,"Abelson, Mr. Samuel",male,30.0,1,0,P/PP 3381,24.0,C,False,High
310,True,1,"Francatelli, Miss. Laura Mabel",female,30.0,0,0,PC 17485,56.9292,C,False,Very High
311,True,1,"Hays, Miss. Margaret Bechstein",female,24.0,0,0,11767,83.1583,C,False,Very High
312,True,1,"Ryerson, Miss. Emily Borie",female,18.0,2,2,PC 17608,262.375,C,False,Very High
313,False,2,"Lahtinen, Mrs. William (Anna Sylfven)",female,26.0,1,1,250651,26.0,S,False,High
314,False,3,"Hendekovic, Mr. Ignjac",male,28.0,0,0,349243,7.8958,S,False,Low
315,False,2,"Hart, Mr. Benjamin",male,43.0,1,1,F.C.C. 13529,26.25,S,False,High
316,True,3,"Nilsson, Miss. Helmina Josefina",female,26.0,0,0,347470,7.8542,S,False,Low
317,True,2,"Kantor, Mrs. Sinai (Miriam Sternin)",female,24.0,1,0,244367,26.0,S,False,High
318,False,2,"Moraweck, Dr. Ernest",male,54.0,0,0,29011,14.0,S,False,Medium
319,True,1,"Wick, Miss. Mary Natalie",female,31.0,0,2,36928,164.8667,S,False,Very High
320,True,1,"Spedden, Mrs. Frederic Oakley (Margaretta Corning Stone)",female,40.0,1,1,16966,134.5,C,False,Very High
321,False,3,"Dennis, Mr. Samuel",male,22.0,0,0,A/5 21172,7.25,S,False,Low
322,False,3,"Danoff, Mr. Yoto",male,27.0,0,0,349219,7.8958,S,False,Low
323,True,2,"Slayter, Miss. Hilda Mary",female,30.0,0,0,234818,12.35,Q,False,Medium
324,True,2,"Caldwell, Mrs. Albert Francis (Sylvia Mae Harbaugh)",female,22.0,1,1,248738,29.0,S,False,High
325,False,3,"Sage, Mr. George John Jr",male,28.0,8,2,CA. 2343,69.55,S,False,Very High
326,True,1,"Young, Miss. Marie Grice",female,36.0,0,0,PC 17760,135.6333,C,False,Very High
327,False,3,"Nysveen, Mr. Johan Hansen",male,61.0,0,0,345364,6.2375,S,False,Low
328,True,2,"Ball, Mrs. (Ada E Hall)",female,36.0,0,0,28551,13.0,S,False,Medium
329,True,3,"Goldsmith, Mrs. Frank John (Emily Alice Brown)",female,31.0,1,1,363291,20.525,S,False,High
330,True,1,"Hippach, Miss. Jean Gertrude",female,16.0,0,1,111361,57.9792,C,True,Very High
331,True,3,"McCoy, Miss. Agnes",female,28.0,2,0,367226,23.25,Q,False,High
332,False,1,"Partner, Mr. Austen",male,45.5,0,0,113043,28.5,S,False,High
333,False,1,"Graham, Mr. George Edward",male,38.0,0,1,PC 17582,153.4625,S,False,Very High
334,False,3,"Vander Planke, Mr. Leo Edmondus",male,16.0,2,0,345764,18.0,S,True,High
335,True,1,"Frauenthal, Mrs. Henry William (Clara Heinsheimer)",female,28.0,1,0,PC 17611,133.65,S,False,Very High
336,False,3,"Denkoff, Mr. Mitto",male,28.0,0,0,349225,7.8958,S,False,Low
337,False,1,"Pears, Mr. Thomas Clinton",male,29.0,1,0,113776,66.6,S,False,Very High
338,True,1,"Burns, Miss. Elizabeth Margaret",female,41.0,0,0,16966,134.5,C,False,Very High
339,True,3,"Dahl, Mr. Karl Edwart",male,45.0,0,0,7598,8.05,S,False,Medium
340,False,1,"Blackwell, Mr. Stephen Weart",male,45.0,0,0,113784,35.5,S,False,Very High
341,True,2,"Navratil, Master. Edmond Roger",male,2.0,1,1,230080,26.0,S,True,High
342,True,1,"Fortune, Miss. Alice Elizabeth",female,24.0,3,2,19950,263.0,S,False,Very High
343,False,2,"Collander, Mr. Erik Gustaf",male,28.0,0,0,248740,13.0,S,False,Medium
344,False,2,"Sedgwick, Mr. Charles Frederick Waddington",male,25.0,0,0,244361,13.0,S,False,Medium
345,False,2,"Fox, Mr. Stanley Hubert",male,36.0,0,0,229236,13.0,S,False,Medium
346,True,2,"Brown, Miss. Amelia ""Mildred""",female,24.0,0,0,248733,13.0,S,False,Medium
347,True,2,"Smith, Miss. Marion Elsie",female,40.0,0,0,31418,13.0,S,False,Medium
348,True,3,"Davison, Mrs. Thomas Henry (Mary E Finck)",female,28.0,1,0,386525,16.1,S,False,High
349,True,3,"Coutts, Master. William Loch ""William""",male,3.0,1,1,C.A. 37671,15.9,S,True,High
350,False,3,"Dimic, Mr. Jovan",male,42.0,0,0,315088,8.6625,S,False,Medium
351,False,3,"Odahl, Mr. Nils Martin",male,23.0,0,0,7267,9.225,S,False,Medium
352,False,1,"Williams-Lambert, Mr. Fletcher Fellows",male,28.0,0,0,113510,35.0,S,False,Very High
353,False,3,"Elias, Mr. Tannous",male,15.0,1,1,2695,7.2292,C,True,Low
354,False,3,"Arnold-Franchi, Mr. Josef",male,25.0,1,0,349237,17.8,S,False,High
355,False,3,"Yousif, Mr. Wazli",male,28.0,0,0,2647,7.225,C,False,Low
356,False,3,"Vanden Steen, Mr. Leo Peter",male,28.0,0,0,345783,9.5,S,False,Medium
357,True,1,"Bowerman, Miss. Elsie Edith",female,22.0,0,1,113505,55.0,S,False,Very High
358,False,2,"Funk, Miss. Annie Clemmer",female,38.0,0,0,237671,13.0,S,False,Medium
359,True,3,"McGovern, Miss. Mary",female,28.0,0,0,330931,7.8792,Q,False,Low
360,True,3,"Mockler, Miss. Helen Mary ""Ellie""",female,28.0,0,0,330980,7.8792,Q,False,Low
361,False,3,"Skoog, Mr. Wilhelm",male,40.0,1,4,347088,27.9,S,False,High
362,False,2,"del Carlo, Mr. Sebastiano",male,29.0,1,0,SC/PARIS 2167,27.7208,C,False,High
363,False,3,"Barbara, Mrs. (Catherine David)",female,45.0,0,1,2691,14.4542,C,False,Medium
364,False,3,"Asim, Mr. Adola",male,35.0,0,0,SOTON/O.Q. 3101310,7.05,S,False,Low
365,False,3,"O'Brien, Mr. Thomas",male,28.0,1,0,370365,15.5,Q,False,High
366,False,3,"Adahl, Mr. Mauritz Nils Martin",male,30.0,0,0,C 7076,7.25,S,False,Low
367,True,1,"Warren, Mrs. Frank Manley (Anna Sophia Atkinson)",female,60.0,1,0,110813,75.25,C,False,Very High
368,True,3,"Moussa, Mrs. (Mantoura Boulos)",female,28.0,0,0,2626,7.2292,C,False,Low
369,True,3,"Jermyn, Miss. Annie",female,28.0,0,0,14313,7.75,Q,False,Low
370,True,1,"Aubart, Mme. Leontine Pauline",female,24.0,0,0,PC 17477,69.3,C,False,Very High
371,True,1,"Harder, Mr. George Achilles",male,25.0,1,0,11765,55.4417,C,False,Very High
372,False,3,"Wiklund, Mr. Jakob Alfred",male,18.0,1,0,3101267,6.4958,S,False,Low
373,False,3,"Beavan, Mr. William Thomas",male,19.0,0,0,323951,8.05,S,False,Medium
374,False,1,"Ringhini, Mr. Sante",male,22.0,0,0,PC 17760,135.6333,C,False,Very High
375,False,3,"Palsson, Miss. Stina Viola",female,3.0,3,1,349909,21.075,S,True,High
376,True,1,"Meyer, Mrs. Edgar Joseph (Leila Saks)",female,28.0,1,0,PC 17604,82.1708,C,False,Very High
377,True,3,"Landergren, Miss. Aurora Adelia",female,22.0,0,0,C 7077,7.25,S,False,Low
378,False,1,"Widener, Mr. Harry Elkins",male,27.0,0,2,113503,211.5,C,False,Very High
379,False,3,"Betros, Mr. Tannous",male,20.0,0,0,2648,4.0125,C,False,Low
380,False,3,"Gustafsson, Mr. Karl Gideon",male,19.0,0,0,347069,7.775,S,False,Low
381,True,1,"Bidois, Miss. Rosalie",female,42.0,0,0,PC 17757,227.525,C,False,Very High
382,True,3,"Nakid, Miss. Maria (""Mary"")",female,1.0,0,2,2653,15.7417,C,True,High
383,False,3,"Tikkanen, Mr. Juho",male,32.0,0,0,STON/O 2. 3101293,7.925,S,False,Medium
384,True,1,"Holverson, Mrs. Alexander Oskar (Mary Aline Towner)",female,35.0,1,0,113789,52.0,S,False,Very High
385,False,3,"Plotcharsky, Mr. Vasil",male,28.0,0,0,349227,7.8958,S,False,Low
386,False,2,"Davies, Mr. Charles Henry",male,18.0,0,0,S.O.C. 14879,73.5,S,False,Very High
387,False,3,"Goodwin, Master. Sidney Leonard",male,1.0,5,2,CA 2144,46.9,S,True,Very High
388,True,2,"Buss, Miss. Kate",female,36.0,0,0,27849,13.0,S,False,Medium
389,False,3,"Sadlier, Mr. Matthew",male,28.0,0,0,367655,7.7292,Q,False,Low
390,True,2,"Lehmann, Miss. Bertha",female,17.0,0,0,SC 1748,12.0,C,True,Medium
391,True,1,"Carter, Mr. William Ernest",male,36.0,1,2,113760,120.0,S,False,Very High
392,True,3,"Jansson, Mr. Carl Olof",male,21.0,0,0,350034,7.7958,S,False,Low
393,False,3,"Gustafsson, Mr. Johan Birger",male,28.0,2,0,3101277,7.925,S,False,Medium
394,True,1,"Newell, Miss. Marjorie",female,23.0,1,0,35273,113.275,C,False,Very High
395,True,3,"Sandstrom, Mrs. Hjalmar (Agnes Charlotta Bengtsson)",female,24.0,0,2,PP 9549,16.7,S,False,High
396,False,3,"Johansson, Mr. Erik",male,22.0,0,0,350052,7.7958,S,False,Low
397,False,3,"Olsson, Miss. Elina",female,31.0,0,0,350407,7.8542,S,False,Low
398,False,2,"McKane, Mr. Peter David",male,46.0,0,0,28403,26.0,S,False,High
399,False,2,"Pain, Dr. Alfred",male,23.0,0,0,244278,10.5,S,False,Medium
400,True,2,"Trout, Mrs. William H (Jessie L)",female,28.0,0,0,240929,12.65,S,False,Medium
401,True,3,"Niskanen, Mr. Juha",male,39.0,0,0,STON/O 2. 3101289,7.925,S,False,Medium
402,False,3,"Adams, Mr. John",male,26.0,0,0,341826,8.05,S,False,Medium
403,False,3,"Jussila, Miss. Mari Aina",female,21.0,1,0,4137,9.825,S,False,Medium
404,False,3,"Hakkarainen, Mr. Pekka Pietari",male,28.0,1,0,STON/O2. 3101279,15.85,S,False,High
405,False,3,"Oreskovic, Miss. Marija",female,20.0,0,0,315096,8.6625,S,False,Medium
406,False,2,"Gale, Mr. Shadrach",male,34.0,1,0,28664,21.0,S,False,High
407,False,3,"Widegren, Mr. Carl/Charles Peter",male,51.0,0,0,347064,7.75,S,False,Low
408,True,2,"Richards, Master. William Rowe",male,3.0,1,1,29106,18.75,S,True,High
409,False,3,"Birkeland, Mr. Hans Martin Monsen",male,21.0,0,0,312992,7.775,S,False,Low
410,False,3,"Lefebre, Miss. Ida",female,28.0,3,1,4133,25.4667,S,False,High
411,False,3,"Sdycoff, Mr. Todor",male,28.0,0,0,349222,7.8958,S,False,Low
412,False,3,"Hart, Mr. Henry",male,28.0,0,0,394140,6.8583,Q,False,Low
413,True,1,"Minahan, Miss. Daisy E",female,33.0,1,0,19928,90.0,Q,False,Very High
414,False,2,"Cunningham, Mr. Alfred Fleming",male,28.0,0,0,239853,0.0,S,False,Low
415,True,3,"Sundman, Mr. Johan Julian",male,44.0,0,0,STON/O 2. 3101269,7.925,S,False,Medium
416,False,3,"Meek, Mrs. Thomas (Annie Louise Rowley)",female,28.0,0,0,343095,8.05,S,False,Medium
417,True,2,"Drew, Mrs. James Vivian (Lulu Thorne Christian)",female,34.0,1,1,28220,32.5,S,False,Very High
418,True,2,"Silven, Miss. Lyyli Karoliina",female,18.0,0,2,250652,13.0,S,False,Medium
419,False,2,"Matthews, Mr. William John",male,30.0,0,0,28228,13.0,S,False,Medium
420,False,3,"Van Impe, Miss. Catharina",female,10.0,0,2,345773,24.15,S,True,High
421,False,3,"Gheorgheff, Mr. Stanio",male,28.0,0,0,349254,7.8958,C,False,Low
422,False,3,"Charters, Mr. David",male,21.0,0,0,A/5. 13032,7.7333,Q,False,Low
423,False,3,"Zimmerman, Mr. Leo",male,29.0,0,0,315082,7.875,S,False,Low
424,False,3,"Danbom, Mrs. Ernst Gilbert (Anna Sigrid Maria Brogren)",female,28.0,1,1,347080,14.4,S,False,Medium
425,False,3,"Rosblom, Mr. Viktor Richard",male,18.0,1,1,370129,20.2125,S,False,High
426,False,3,"Wiseman, Mr. Phillippe",male,28.0,0,0,A/4. 34244,7.25,S,False,Low
427,True,2,"Clarke, Mrs. Charles V (Ada Maria Winfield)",female,28.0,1,0,2003,26.0,S,False,High
428,True,2,"Phillips, Miss. Kate Florence (""Mrs Kate Louise Phillips Marshall"")",female,19.0,0,0,250655,26.0,S,False,High
429,False,3,"Flynn, Mr. James",male,28.0,0,0,364851,7.75,Q,False,Low
430,True,3,"Pickard, Mr. Berk (Berk Trembisky)",male,32.0,0,0,SOTON/O.Q. 392078,8.05,S,False,Medium
431,True,1,"Bjornstrom-Steffansson, Mr. Mauritz Hakan",male,28.0,0,0,110564,26.55,S,False,High
432,True,3,"Thorneycroft, Mrs. Percival (Florence Kate White)",female,28.0,1,0,376564,16.1,S,False,High
433,True,2,"Louch, Mrs. Charles Alexander (Alice Adelaide Slow)",female,42.0,1,0,SC/AH 3085,26.0,S,False,High
434,False,3,"Kallio, Mr. Nikolai Erland",male,17.0,0,0,STON/O 2. 3101274,7.125,S,True,Low
435,False,1,"Silvey, Mr. William Baird",male,50.0,1,0,13507,55.9,S,False,Very High
436,True,1,"Carter, Miss. Lucile Polk",female,14.0,1,2,113760,120.0,S,True,Very High
437,False,3,"Ford, Miss. Doolina Margaret ""Daisy""",female,21.0,2,2,W./C. 6608,34.375,S,False,Very High
438,True,2,"Richards, Mrs. Sidney (Emily Hocking)",female,24.0,2,3,29106,18.75,S,False,High
439,False,1,"Fortune, Mr. Mark",male,64.0,1,4,19950,263.0,S,False,Very High
440,False,2,"Kvillner, Mr. Johan Henrik Johannesson",male,31.0,0,0,C.A. 18723,10.5,S,False,Medium
441,True,2,"Hart, Mrs. Benjamin (Esther Ada Bloomfield)",female,45.0,1,1,F.C.C. 13529,26.25,S,False,High
442,False,3,"Hampe, Mr. Leon",male,20.0,0,0,345769,9.5,S,False,Medium
443,False,3,"Petterson, Mr. Johan Emil",male,25.0,1,0,347076,7.775,S,False,Low
444,True,2,"Reynaldo, Ms. Encarnacion",female,28.0,0,0,230434,13.0,S,False,Medium
445,True,3,"Johannesen-Bratthammer, Mr. Bernt",male,28.0,0,0,65306,8.1125,S,False,Medium
446,True,1,"Dodge, Master. Washington",male,4.0,0,2,33638,81.8583,S,True,Very High
447,True,2,"Mellinger, Miss. Madeleine Violet",female,13.0,0,1,250644,19.5,S,True,High
448,True,1,"Seward, Mr. Frederic Kimber",male,34.0,0,0,113794,26.55,S,False,High
449,True,3,"Baclini, Miss. Marie Catherine",female,5.0,2,1,2666,19.2583,C,True,High
450,True,1,"Peuchen, Major. Arthur Godfrey",male,52.0,0,0,113786,30.5,S,False,High
451,False,2,"West, Mr. Edwy Arthur",male,36.0,1,2,C.A. 34651,27.75,S,False,High
452,False,3,"Hagland, Mr. Ingvald Olai Olsen",male,28.0,1,0,65303,19.9667,S,False,High
453,False,1,"Foreman, Mr. Benjamin Laventall",male,30.0,0,0,113051,27.75,C,False,High
454,True,1,"Goldenberg, Mr. Samuel L",male,49.0,1,0,17453,89.1042,C,False,Very High
455,False,3,"Peduzzi, Mr. Joseph",male,28.0,0,0,A/5 2817,8.05,S,False,Medium
456,True,3,"Jalsevac, Mr. Ivan",male,29.0,0,0,349240,7.8958,C,False,Low
457,False,1,"Millet, Mr. Francis Davis",male,65.0,0,0,13509,26.55,S,False,High
458,True,1,"Kenyon, Mrs. Frederick R (Marion)",female,28.0,1,0,17464,51.8625,S,False,Very High
459,True,2,"Toomey, Miss. Ellen",female,50.0,0,0,F.C.C. 13531,10.5,S,False,Medium
460,False,3,"O'Connor, Mr. Maurice",male,28.0,0,0,371060,7.75,Q,False,Low
461,True,1,"Anderson, Mr. Harry",male,48.0,0,0,19952,26.55,S,False,High
462,False,3,"Morley, Mr. William",male,34.0,0,0,364506,8.05,S,False,Medium
463,False,1,"Gee, Mr. Arthur H",male,47.0,0,0,111320,38.5,S,False,Very High
464,False,2,"Milling, Mr. Jacob Christian",male,48.0,0,0,234360,13.0,S,False,Medium
465,False,3,"Maisner, Mr. Simon",male,28.0,0,0,A/S 2816,8.05,S,False,Medium
466,False,3,"Goncalves, Mr. Manuel Estanslas",male,38.0,0,0,SOTON/O.Q. 3101306,7.05,S,False,Low
467,False,2,"Campbell, Mr. William",male,28.0,0,0,239853,0.0,S,False,Low
468,False,1,"Smart, Mr. John Montgomery",male,56.0,0,0,113792,26.55,S,False,High
469,False,3,"Scanlan, Mr. James",male,28.0,0,0,36209,7.725,Q,False,Low
470,True,3,"Baclini, Miss. Helene Barbara",female,0.75,2,1,2666,19.2583,C,True,High
471,False,3,"Keefe, Mr. Arthur",male,28.0,0,0,323592,7.25,S,False,Low
472,False,3,"Cacic, Mr. Luka",male,38.0,0,0,315089,8.6625,S,False,Medium
473,True,2,"West, Mrs. Edwy Arthur (Ada Mary Worth)",female,33.0,1,2,C.A. 34651,27.75,S,False,High
474,True,2,"Jerwan, Mrs. Amin S (Marie Marthe Thuillard)",female,23.0,0,0,SC/AH Basle 541,13.7917,C,False,Medium
475,False,3,"Strandberg, Miss. Ida Sofia",female,22.0,0,0,7553,9.8375,S,False,Medium
476,False,1,"Clifford, Mr. George Quincy",male,28.0,0,0,110465,52.0,S,False,Very High
477,False,2,"Renouf, Mr. Peter Henry",male,34.0,1,0,31027,21.0,S,False,High
478,False,3,"Braund, Mr. Lewis Richard",male,29.0,1,0,3460,7.0458,S,False,Low
479,False,3,"Karlsson, Mr. Nils August",male,22.0,0,0,350060,7.5208,S,False,Low
480,True,3,"Hirvonen, Miss. Hildur E",female,2.0,0,1,3101298,12.2875,S,True,Medium
481,False,3,"Goodwin, Master. Harold Victor",male,9.0,5,2,CA 2144,46.9,S,True,Very High
482,False,2,"Frost, Mr. Anthony Wood ""Archie""",male,28.0,0,0,239854,0.0,S,False,Low
483,False,3,"Rouse, Mr. Richard Henry",male,50.0,0,0,A/5 3594,8.05,S,False,Medium
484,True,3,"Turkula, Mrs. (Hedwig)",female,63.0,0,0,4134,9.5875,S,False,Medium
485,True,1,"Bishop, Mr. Dickinson H",male,25.0,1,0,11967,91.0792,C,False,Very High
486,False,3,"Lefebre, Miss. Jeannie",female,28.0,3,1,4133,25.4667,S,False,High
487,True,1,"Hoyt, Mrs. Frederick Maxfield (Jane Anne Forby)",female,35.0,1,0,19943,90.0,S,False,Very High
488,False,1,"Kent, Mr. Edward Austin",male,58.0,0,0,11771,29.7,C,False,High
489,False,3,"Somerton, Mr. Francis William",male,30.0,0,0,A.5. 18509,8.05,S,False,Medium
490,True,3,"Coutts, Master. Eden Leslie ""Neville""",male,9.0,1,1,C.A. 37671,15.9,S,True,High
491,False,3,"Hagland, Mr. Konrad Mathias Reiersen",male,28.0,1,0,65304,19.9667,S,False,High
492,False,3,"Windelov, Mr. Einar",male,21.0,0,0,SOTON/OQ 3101317,7.25,S,False,Low
493,False,1,"Molson, Mr. Harry Markland",male,55.0,0,0,113787,30.5,S,False,High
494,False,1,"Artagaveytia, Mr. Ramon",male,71.0,0,0,PC 17609,49.5042,C,False,Very High
495,False,3,"Stanley, Mr. Edward Roland",male,21.0,0,0,A/4 45380,8.05,S,False,Medium
496,False,3,"Yousseff, Mr. Gerious",male,28.0,0,0,2627,14.4583,C,False,High
497,True,1,"Eustis, Miss. Elizabeth Mussey",female,54.0,1,0,36947,78.2667,C,False,Very High
498,False,3,"Shellard, Mr. Frederick William",male,28.0,0,0,C.A. 6212,15.1,S,False,High
499,False,1,"Allison, Mrs. Hudson J C (Bessie Waldo Daniels)",female,25.0,1,2,113781,151.55,S,False,Very High
500,False,3,"Svensson, Mr. Olof",male,24.0,0,0,350035,7.7958,S,False,Low
501,False,3,"Calic, Mr. Petar",male,17.0,0,0,315086,8.6625,S,True,Medium
502,False,3,"Canavan, Miss. Mary",female,21.0,0,0,364846,7.75,Q,False,Low
503,False,3,"O'Sullivan, Miss. Bridget Mary",female,28.0,0,0,330909,7.6292,Q,False,Low
504,False,3,"Laitinen, Miss. Kristina Sofia",female,37.0,0,0,4135,9.5875,S,False,Medium
505,True,1,"Maioni, Miss. Roberta",female,16.0,0,0,110152,86.5,S,True,Very High
506,False,1,"Penasco y Castellana, Mr. Victor de Satode",male,18.0,1,0,PC 17758,108.9,C,False,Very High
507,True,2,"Quick, Mrs. Frederick Charles (Jane Richards)",female,33.0,0,2,26360,26.0,S,False,High
508,True,1,"Bradley, Mr. George (""George Arthur Brayton"")",male,28.0,0,0,111427,26.55,S,False,High
509,False,3,"Olsen, Mr. Henry Margido",male,28.0,0,0,C 4001,22.525,S,False,High
510,True,3,"Lang, Mr. Fang",male,26.0,0,0,1601,56.4958,S,False,Very High
511,True,3,"Daly, Mr. Eugene Patrick",male,29.0,0,0,382651,7.75,Q,False,Low
512,False,3,"Webber, Mr. James",male,28.0,0,0,SOTON/OQ 3101316,8.05,S,False,Medium
513,True,1,"McGough, Mr. James Robert",male,36.0,0,0,PC 17473,26.2875,S,False,High
514,True,1,"Rothschild, Mrs. Martin (Elizabeth L. Barrett)",female,54.0,1,0,PC 17603,59.4,C,False,Very High
515,False,3,"Coleff, Mr. Satio",male,24.0,0,0,349209,7.4958,S,False,Low
516,False,1,"Walker, Mr. William Anderson",male,47.0,0,0,36967,34.0208,S,False,Very High
517,True,2,"Lemore, Mrs. (Amelia Milley)",female,34.0,0,0,C.A. 34260,10.5,S,False,Medium
518,False,3,"Ryan, Mr. Patrick",male,28.0,0,0,371110,24.15,Q,False,High
519,True,2,"Angle, Mrs. William A (Florence ""Mary"" Agnes Hughes)",female,36.0,1,0,226875,26.0,S,False,High
520,False,3,"Pavlovic, Mr. Stefo",male,32.0,0,0,349242,7.8958,S,False,Low
521,True,1,"Perreault, Miss. Anne",female,30.0,0,0,12749,93.5,S,False,Very High
522,False,3,"Vovk, Mr. Janko",male,22.0,0,0,349252,7.8958,S,False,Low
523,False,3,"Lahoud, Mr. Sarkis",male,28.0,0,0,2624,7.225,C,False,Low
524,True,1,"Hippach, Mrs. Louis Albert (Ida Sophia Fischer)",female,44.0,0,1,111361,57.9792,C,False,Very High
525,False,3,"Kassem, Mr. Fared",male,28.0,0,0,2700,7.2292,C,False,Low
526,False,3,"Farrell, Mr. James",male,40.5,0,0,367232,7.75,Q,False,Low
527,True,2,"Ridsdale, Miss. Lucy",female,50.0,0,0,W./C. 14258,10.5,S,False,Medium
528,False,1,"Farthing, Mr. John",male,28.0,0,0,PC 17483,221.7792,S,False,Very High
529,False,3,"Salonen, Mr. Johan Werner",male,39.0,0,0,3101296,7.925,S,False,Medium
530,False,2,"Hocking, Mr. Richard George",male,23.0,2,1,29104,11.5,S,False,Medium
531,True,2,"Quick, Miss. Phyllis May",female,2.0,1,1,26360,26.0,S,True,High
532,False,3,"Toufik, Mr. Nakli",male,28.0,0,0,2641,7.2292,C,False,Low
533,False,3,"Elias, Mr. Joseph Jr",male,17.0,1,1,2690,7.2292,C,True,Low
534,True,3,"Peter, Mrs. Catherine (Catherine Rizk)",female,28.0,0,2,2668,22.3583,C,False,High
535,False,3,"Cacic, Miss. Marija",female,30.0,0,0,315084,8.6625,S,False,Medium
536,True,2,"Hart, Miss. Eva Miriam",female,7.0,0,2,F.C.C. 13529,26.25,S,True,High
537,False,1,"Butt, Major. Archibald Willingham",male,45.0,0,0,113050,26.55,S,False,High
538,True,1,"LeRoy, Miss. Bertha",female,30.0,0,0,PC 17761,106.425,C,False,Very High
539,False,3,"Risien, Mr. Samuel Beard",male,28.0,0,0,364498,14.5,S,False,High
540,True,1,"Frolicher, Miss. Hedwig Margaritha",female,22.0,0,2,13568,49.5,C,False,Very High
541,True,1,"Crosby, Miss. Harriet R",female,36.0,0,2,WE/P 5735,71.0,S,False,Very High
542,False,3,"Andersson, Miss. Ingeborg Constanzia",female,9.0,4,2,347082,31.275,S,True,Very High
543,False,3,"Andersson, Miss. Sigrid Elisabeth",female,11.0,4,2,347082,31.275,S,True,Very High
544,True,2,"Beane, Mr. Edward",male,32.0,1,0,2908,26.0,S,False,High
545,False,1,"Douglas, Mr. Walter Donald",male,50.0,1,0,PC 17761,106.425,C,False,Very High
546,False,1,"Nicholson, Mr. Arthur Ernest",male,64.0,0,0,693,26.0,S,False,High
547,True,2,"Beane, Mrs. Edward (Ethel Clarke)",female,19.0,1,0,2908,26.0,S,False,High
548,True,2,"Padro y Manent, Mr. Julian",male,28.0,0,0,SC/PARIS 2146,13.8625,C,False,Medium
549,False,3,"Goldsmith, Mr. Frank John",male,33.0,1,1,363291,20.525,S,False,High
550,True,2,"Davies, Master. John Morgan Jr",male,8.0,1,1,C.A. 33112,36.75,S,True,Very High
551,True,1,"Thayer, Mr. John Borland Jr",male,17.0,0,2,17421,110.8833,C,True,Very High
552,False,2,"Sharp, Mr. Percival James R",male,27.0,0,0,244358,26.0,S,False,High
553,False,3,"O'Brien, Mr. Timothy",male,28.0,0,0,330979,7.8292,Q,False,Low
554,True,3,"Leeni, Mr. Fahim (""Philip Zenni"")",male,22.0,0,0,2620,7.225,C,False,Low
555,True,3,"Ohman, Miss. Velin",female,22.0,0,0,347085,7.775,S,False,Low
556,False,1,"Wright, Mr. George",male,62.0,0,0,113807,26.55,S,False,High
557,True,1,"Duff Gordon, Lady. (Lucille Christiana Sutherland) (""Mrs Morgan"")",female,48.0,1,0,11755,39.6,C,False,Very High
558,False,1,"Robbins, Mr. Victor",male,28.0,0,0,PC 17757,227.525,C,False,Very High
559,True,1,"Taussig, Mrs. Emil (Tillie Mandelbaum)",female,39.0,1,1,110413,79.65,S,False,Very High
560,True,3,"de Messemaeker, Mrs. Guillaume Joseph (Emma)",female,36.0,1,0,345572,17.4,S,False,High
561,False,3,"Morrow, Mr. Thomas Rowan",male,28.0,0,0,372622,7.75,Q,False,Low
562,False,3,"Sivic, Mr. Husein",male,40.0,0,0,349251,7.8958,S,False,Low
563,False,2,"Norman, Mr. Robert Douglas",male,28.0,0,0,218629,13.5,S,False,Medium
564,False,3,"Simmons, Mr. John",male,28.0,0,0,SOTON/OQ 392082,8.05,S,False,Medium
565,False,3,"Meanwell, Miss. (Marion Ogden)",female,28.0,0,0,SOTON/O.Q. 392087,8.05,S,False,Medium
566,False,3,"Davies, Mr. Alfred J",male,24.0,2,0,A/4 48871,24.15,S,False,High
567,False,3,"Stoytcheff, Mr. Ilia",male,19.0,0,0,349205,7.8958,S,False,Low
568,False,3,"Palsson, Mrs. Nils (Alma Cornelia Berglund)",female,29.0,0,4,349909,21.075,S,False,High
569,False,3,"Doharr, Mr. Tannous",male,28.0,0,0,2686,7.2292,C,False,Low
570,True,3,"Jonsson, Mr. Carl",male,32.0,0,0,350417,7.8542,S,False,Low
571,True,2,"Harris, Mr. George",male,62.0,0,0,S.W./PP 752,10.5,S,False,Medium
572,True,1,"Appleton, Mrs. Edward Dale (Charlotte Lamson)",female,53.0,2,0,11769,51.4792,S,False,Very High
573,True,1,"Flynn, Mr. John Irwin (""Irving"")",male,36.0,0,0,PC 17474,26.3875,S,False,High
574,True,3,"Kelly, Miss. Mary",female,28.0,0,0,14312,7.75,Q,False,Low
575,False,3,"Rush, Mr. Alfred George John",male,16.0,0,0,A/4. 20589,8.05,S,True,Medium
576,False,3,"Patchett, Mr. George",male,19.0,0,0,358585,14.5,S,False,High
577,True,2,"Garside, Miss. Ethel",female,34.0,0,0,243880,13.0,S,False,Medium
578,True,1,"Silvey, Mrs. William Baird (Alice Munger)",female,39.0,1,0,13507,55.9,S,False,Very High
579,False,3,"Caram, Mrs. Joseph (Maria Elias)",female,28.0,1,0,2689,14.4583,C,False,High
580,True,3,"Jussila, Mr. Eiriik",male,32.0,0,0,STON/O 2. 3101286,7.925,S,False,Medium
581,True,2,"Christy, Miss. Julie Rachel",female,25.0,1,1,237789,30.0,S,False,High
582,True,1,"Thayer, Mrs. John Borland (Marian Longstreth Morris)",female,39.0,1,1,17421,110.8833,C,False,Very High
583,False,2,"Downton, Mr. William James",male,54.0,0,0,28403,26.0,S,False,High
584,False,1,"Ross, Mr. John Hugo",male,36.0,0,0,13049,40.125,C,False,Very High
585,False,3,"Paulner, Mr. Uscher",male,28.0,0,0,3411,8.7125,C,False,Medium
586,True,1,"Taussig, Miss. Ruth",female,18.0,0,2,110413,79.65,S,False,Very High
587,False,2,"Jarvis, Mr. John Denzil",male,47.0,0,0,237565,15.0,S,False,High
588,True,1,"Frolicher-Stehli, Mr. Maxmillian",male,60.0,1,1,13567,79.2,C,False,Very High
589,False,3,"Gilinski, Mr. Eliezer",male,22.0,0,0,14973,8.05,S,False,Medium
590,False,3,"Murdlin, Mr. Joseph",male,28.0,0,0,A./5. 3235,8.05,S,False,Medium
591,False,3,"Rintamaki, Mr. Matti",male,35.0,0,0,STON/O 2. 3101273,7.125,S,False,Low
592,True,1,"Stephenson, Mrs. Walter Bertram (Martha Eustis)",female,52.0,1,0,36947,78.2667,C,False,Very High
593,False,3,"Elsbury, Mr. William James",male,47.0,0,0,A/5 3902,7.25,S,False,Low
594,False,3,"Bourke, Miss. Mary",female,28.0,0,2,364848,7.75,Q,False,Low
595,False,2,"Chapman, Mr. John Henry",male,37.0,1,0,SC/AH 29037,26.0,S,False,High
596,False,3,"Van Impe, Mr. Jean Baptiste",male,36.0,1,1,345773,24.15,S,False,High
597,True,2,"Leitch, Miss. Jessie Wills",female,28.0,0,0,248727,33.0,S,False,Very High
598,False,3,"Johnson, Mr. Alfred",male,49.0,0,0,LINE,0.0,S,False,Low
599,False,3,"Boulos, Mr. Hanna",male,28.0,0,0,2664,7.225,C,False,Low
600,True,1,"Duff Gordon, Sir. Cosmo Edmund (""Mr Morgan"")",male,49.0,1,0,PC 17485,56.9292,C,False,Very High
601,True,2,"Jacobsohn, Mrs. Sidney Samuel (Amy Frances Christy)",female,24.0,2,1,243847,27.0,S,False,High
602,False,3,"Slabenoff, Mr. Petco",male,28.0,0,0,349214,7.8958,S,False,Low
603,False,1,"Harrington, Mr. Charles H",male,28.0,0,0,113796,42.4,S,False,Very High
604,False,3,"Torber, Mr. Ernst William",male,44.0,0,0,364511,8.05,S,False,Medium
605,True,1,"Homer, Mr. Harry (""Mr E Haven"")",male,35.0,0,0,111426,26.55,C,False,High
606,False,3,"Lindell, Mr. Edvard Bengtsson",male,36.0,1,0,349910,15.55,S,False,High
607,False,3,"Karaic, Mr. Milan",male,30.0,0,0,349246,7.8958,S,False,Low
608,True,1,"Daniel, Mr. Robert Williams",male,27.0,0,0,113804,30.5,S,False,High
609,True,2,"Laroche, Mrs. Joseph (Juliette Marie Louise Lafargue)",female,22.0,1,2,SC/Paris 2123,41.5792,C,False,Very High
610,True,1,"Shutes, Miss. Elizabeth W",female,40.0,0,0,PC 17582,153.4625,S,False,Very High
611,False,3,"Andersson, Mrs. Anders Johan (Alfrida Konstantia Brogren)",female,39.0,1,5,347082,31.275,S,False,Very High
612,False,3,"Jardin, Mr. Jose Neto",male,28.0,0,0,SOTON/O.Q. 3101305,7.05,S,False,Low
613,True,3,"Murphy, Miss. Margaret Jane",female,28.0,1,0,367230,15.5,Q,False,High
614,False,3,"Horgan, Mr. John",male,28.0,0,0,370377,7.75,Q,False,Low
615,False,3,"Brocklebank, Mr. William Alfred",male,35.0,0,0,364512,8.05,S,False,Medium
616,True,2,"Herman, Miss. Alice",female,24.0,1,2,220845,65.0,S,False,Very High
617,False,3,"Danbom, Mr. Ernst Gilbert",male,34.0,1,1,347080,14.4,S,False,Medium
618,False,3,"Lobb, Mrs. William Arthur (Cordelia K Stanlick)",female,26.0,1,0,A/5. 3336,16.1,S,False,High
619,True,2,"Becker, Miss. Marion Louise",female,4.0,2,1,230136,39.0,S,True,Very High
620,False,2,"Gavey, Mr. Lawrence",male,26.0,0,0,31028,10.5,S,False,Medium
621,False,3,"Yasbeck, Mr. Antoni",male,27.0,1,0,2659,14.4542,C,False,Medium
622,True,1,"Kimball, Mr. Edwin Nelson Jr",male,42.0,1,0,11753,52.5542,S,False,Very High
623,True,3,"Nakid, Mr. Sahid",male,20.0,1,1,2653,15.7417,C,False,High
624,False,3,"Hansen, Mr. Henry Damsgaard",male,21.0,0,0,350029,7.8542,S,False,Low
625,False,3,"Bowen, Mr. David John ""Dai""",male,21.0,0,0,54636,16.1,S,False,High
626,False,1,"Sutton, Mr. Frederick",male,61.0,0,0,36963,32.3208,S,False,Very High
627,False,2,"Kirkland, Rev. Charles Leonard",male,57.0,0,0,219533,12.35,Q,False,Medium
628,True,1,"Longley, Miss. Gretchen Fiske",female,21.0,0,0,13502,77.9583,S,False,Very High
629,False,3,"Bostandyeff, Mr. Guentcho",male,26.0,0,0,349224,7.8958,S,False,Low
630,False,3,"O'Connell, Mr. Patrick D",male,28.0,0,0,334912,7.7333,Q,False,Low
631,True,1,"Barkworth, Mr. Algernon Henry Wilson",male,80.0,0,0,27042,30.0,S,False,High
632,False,3,"Lundahl, Mr. Johan Svensson",male,51.0,0,0,347743,7.0542,S,False,Low
633,True,1,"Stahelin-Maeglin, Dr. Max",male,32.0,0,0,13214,30.5,C,False,High
634,False,1,"Parr, Mr. William Henry Marsh",male,28.0,0,0,112052,0.0,S,False,Low
635,False,3,"Skoog, Miss. Mabel",female,9.0,3,2,347088,27.9,S,True,High
636,True,2,"Davis, Miss. Mary",female,28.0,0,0,237668,13.0,S,False,Medium
637,False,3,"Leinonen, Mr. Antti Gustaf",male,32.0,0,0,STON/O 2. 3101292,7.925,S,False,Medium
638,False,2,"Collyer, Mr. Harvey",male,31.0,1,1,C.A. 31921,26.25,S,False,High
639,False,3,"Panula, Mrs. Juha (Maria Emilia Ojala)",female,41.0,0,5,3101295,39.6875,S,False,Very High
640,False,3,"Thorneycroft, Mr. Percival",male,28.0,1,0,376564,16.1,S,False,High
641,False,3,"Jensen, Mr. Hans Peder",male,20.0,0,0,350050,7.8542,S,False,Low
642,True,1,"Sagesser, Mlle. Emma",female,24.0,0,0,PC 17477,69.3,C,False,Very High
643,False,3,"Skoog, Miss. Margit Elizabeth",female,2.0,3,2,347088,27.9,S,True,High
644,True,3,"Foo, Mr. Choong",male,28.0,0,0,1601,56.4958,S,False,Very High
645,True,3,"Baclini, Miss. Eugenie",female,0.75,2,1,2666,19.2583,C,True,High
646,True,1,"Harper, Mr. Henry Sleeper",male,48.0,1,0,PC 17572,76.7292,C,False,Very High
647,False,3,"Cor, Mr. Liudevit",male,19.0,0,0,349231,7.8958,S,False,Low
648,True,1,"Simonius-Blumer, Col. Oberst Alfons",male,56.0,0,0,13213,35.5,C,False,Very High
649,False,3,"Willey, Mr. Edward",male,28.0,0,0,S.O./P.P. 751,7.55,S,False,Low
650,True,3,"Stanley, Miss. Amy Zillah Elsie",female,23.0,0,0,CA. 2314,7.55,S,False,Low
651,False,3,"Mitkoff, Mr. Mito",male,28.0,0,0,349221,7.8958,S,False,Low
652,True,2,"Doling, Miss. Elsie",female,18.0,0,1,231919,23.0,S,False,High
653,False,3,"Kalvik, Mr. Johannes Halvorsen",male,21.0,0,0,8475,8.4333,S,False,Medium
654,True,3,"O'Leary, Miss. Hanora ""Norah""",female,28.0,0,0,330919,7.8292,Q,False,Low
655,False,3,"Hegarty, Miss. Hanora ""Nora""",female,18.0,0,0,365226,6.75,Q,False,Low
656,False,2,"Hickman, Mr. Leonard Mark",male,24.0,2,0,S.O.C. 14879,73.5,S,False,Very High
657,False,3,"Radeff, Mr. Alexander",male,28.0,0,0,349223,7.8958,S,False,Low
658,False,3,"Bourke, Mrs. John (Catherine)",female,32.0,1,1,364849,15.5,Q,False,High
659,False,2,"Eitemiller, Mr. George Floyd",male,23.0,0,0,29751,13.0,S,False,Medium
660,False,1,"Newell, Mr. Arthur Webster",male,58.0,0,2,35273,113.275,C,False,Very High
661,True,1,"Frauenthal, Dr. Henry William",male,50.0,2,0,PC 17611,133.65,S,False,Very High
662,False,3,"Badt, Mr. Mohamed",male,40.0,0,0,2623,7.225,C,False,Low
663,False,1,"Colley, Mr. Edward Pomeroy",male,47.0,0,0,5727,25.5875,S,False,High
664,False,3,"Coleff, Mr. Peju",male,36.0,0,0,349210,7.4958,S,False,Low
665,True,3,"Lindqvist, Mr. Eino William",male,20.0,1,0,STON/O 2. 3101285,7.925,S,False,Medium
666,False,2,"Hickman, Mr. Lewis",male,32.0,2,0,S.O.C. 14879,73.5,S,False,Very High
667,False,2,"Butler, Mr. Reginald Fenton",male,25.0,0,0,234686,13.0,S,False,Medium
668,False,3,"Rommetvedt, Mr. Knud Paust",male,28.0,0,0,312993,7.775,S,False,Low
669,False,3,"Cook, Mr. Jacob",male,43.0,0,0,A/5 3536,8.05,S,False,Medium
670,True,1,"Taylor, Mrs. Elmer Zebley (Juliet Cummins Wright)",female,28.0,1,0,19996,52.0,S,False,Very High
671,True,2,"Brown, Mrs. Thomas William Solomon (Elizabeth Catherine Ford)",female,40.0,1,1,29750,39.0,S,False,Very High
672,False,1,"Davidson, Mr. Thornton",male,31.0,1,0,F.C. 12750,52.0,S,False,Very High
673,False,2,"Mitchell, Mr. Henry Michael",male,70.0,0,0,C.A. 24580,10.5,S,False,Medium
674,True,2,"Wilhelms, Mr. Charles",male,31.0,0,0,244270,13.0,S,False,Medium
675,False,2,"Watson, Mr. Ennis Hastings",male,28.0,0,0,239856,0.0,S,False,Low
676,False,3,"Edvardsson, Mr. Gustaf Hjalmar",male,18.0,0,0,349912,7.775,S,False,Low
677,False,3,"Sawyer, Mr. Frederick Charles",male,24.5,0,0,342826,8.05,S,False,Medium
678,True,3,"Turja, Miss. Anna Sofia",female,18.0,0,0,4138,9.8417,S,False,Medium
679,False,3,"Goodwin, Mrs. Frederick (Augusta Tyler)",female,43.0,1,6,CA 2144,46.9,S,False,Very High
680,True,1,"Cardeza, Mr. Thomas Drake Martinez",male,36.0,0,1,PC 17755,512.3292,C,False,Very High
681,False,3,"Peters, Miss. Katie",female,28.0,0,0,330935,8.1375,Q,False,Medium
682,True,1,"Hassab, Mr. Hammad",male,27.0,0,0,PC 17572,76.7292,C,False,Very High
683,False,3,"Olsvigen, Mr. Thor Anderson",male,20.0,0,0,6563,9.225,S,False,Medium
684,False,3,"Goodwin, Mr. Charles Edward",male,14.0,5,2,CA 2144,46.9,S,True,Very High
685,False,2,"Brown, Mr. Thomas William Solomon",male,60.0,1,1,29750,39.0,S,False,Very High
686,False,2,"Laroche, Mr. Joseph Philippe Lemercier",male,25.0,1,2,SC/Paris 2123,41.5792,C,False,Very High
687,False,3,"Panula, Mr. Jaako Arnold",male,14.0,4,1,3101295,39.6875,S,True,Very High
688,False,3,"Dakic, Mr. Branko",male,19.0,0,0,349228,10.1708,S,False,Medium
689,False,3,"Fischer, Mr. Eberhard Thelander",male,18.0,0,0,350036,7.7958,S,False,Low
690,True,1,"Madill, Miss. Georgette Alexandra",female,15.0,0,1,24160,211.3375,S,True,Very High
691,True,1,"Dick, Mr. Albert Adrian",male,31.0,1,0,17474,57.0,S,False,Very High
692,True,3,"Karun, Miss. Manca",female,4.0,0,1,349256,13.4167,C,True,Medium
693,True,3,"Lam, Mr. Ali",male,28.0,0,0,1601,56.4958,S,False,Very High
694,False,3,"Saad, Mr. Khalil",male,25.0,0,0,2672,7.225,C,False,Low
695,False,1,"Weir, Col. John",male,60.0,0,0,113800,26.55,S,False,High
696,False,2,"Chapman, Mr. Charles Henry",male,52.0,0,0,248731,13.5,S,False,Medium
697,False,3,"Kelly, Mr. James",male,44.0,0,0,363592,8.05,S,False,Medium
698,True,3,"Mullens, Miss. Katherine ""Katie""",female,28.0,0,0,35852,7.7333,Q,False,Low
699,False,1,"Thayer, Mr. John Borland",male,49.0,1,1,17421,110.8833,C,False,Very High
700,False,3,"Humblen, Mr. Adolf Mathias Nicolai Olsen",male,42.0,0,0,348121,7.65,S,False,Low
701,True,1,"Astor, Mrs. John Jacob (Madeleine Talmadge Force)",female,18.0,1,0,PC 17757,227.525,C,False,Very High
702,True,1,"Silverthorne, Mr. Spencer Victor",male,35.0,0,0,PC 17475,26.2875,S,False,High
703,False,3,"Barbara, Miss. Saiide",female,18.0,0,1,2691,14.4542,C,False,Medium
704,False,3,"Gallagher, Mr. Martin",male,25.0,0,0,36864,7.7417,Q,False,Low
705,False,3,"Hansen, Mr. Henrik Juul",male,26.0,1,0,350025,7.8542,S,False,Low
706,False,2,"Morley, Mr. Henry Samuel (""Mr Henry Marshall"")",male,39.0,0,0,250655,26.0,S,False,High
707,True,2,"Kelly, Mrs. Florence ""Fannie""",female,45.0,0,0,223596,13.5,S,False,Medium
708,True,1,"Calderhead, Mr. Edward Pennington",male,42.0,0,0,PC 17476,26.2875,S,False,High
709,True,1,"Cleaver, Miss. Alice",female,22.0,0,0,113781,151.55,S,False,Very High
710,True,3,"Moubarek, Master. Halim Gonios (""William George"")",male,28.0,1,1,2661,15.2458,C,False,High
711,True,1,"Mayne, Mlle. Berthe Antonine (""Mrs de Villiers"")",female,24.0,0,0,PC 17482,49.5042,C,False,Very High
712,False,1,"Klaber, Mr. Herman",male,28.0,0,0,113028,26.55,S,False,High
713,True,1,"Taylor, Mr. Elmer Zebley",male,48.0,1,0,19996,52.0,S,False,Very High
714,False,3,"Larsson, Mr. August Viktor",male,29.0,0,0,7545,9.4833,S,False,Medium
715,False,2,"Greenberg, Mr. Samuel",male,52.0,0,0,250647,13.0,S,False,Medium
716,False,3,"Soholt, Mr. Peter Andreas Lauritz Andersen",male,19.0,0,0,348124,7.65,S,False,Low
717,True,1,"Endres, Miss. Caroline Louise",female,38.0,0,0,PC 17757,227.525,C,False,Very High
718,True,2,"Troutt, Miss. Edwina Celia ""Winnie""",female,27.0,0,0,34218,10.5,S,False,Medium
719,False,3,"McEvoy, Mr. Michael",male,28.0,0,0,36568,15.5,Q,False,High
720,False,3,"Johnson, Mr. Malkolm Joackim",male,33.0,0,0,347062,7.775,S,False,Low
721,True,2,"Harper, Miss. Annie Jessie ""Nina""",female,6.0,0,1,248727,33.0,S,True,Very High
722,False,3,"Jensen, Mr. Svend Lauritz",male,17.0,1,0,350048,7.0542,S,True,Low
723,False,2,"Gillespie, Mr. William Henry",male,34.0,0,0,12233,13.0,S,False,Medium
724,False,2,"Hodges, Mr. Henry Price",male,50.0,0,0,250643,13.0,S,False,Medium
725,True,1,"Chambers, Mr. Norman Campbell",male,27.0,1,0,113806,53.1,S,False,Very High
726,False,3,"Oreskovic, Mr. Luka",male,20.0,0,0,315094,8.6625,S,False,Medium
727,True,2,"Renouf, Mrs. Peter Henry (Lillian Jefferys)",female,30.0,3,0,31027,21.0,S,False,High
728,True,3,"Mannion, Miss. Margareth",female,28.0,0,0,36866,7.7375,Q,False,Low
729,False,2,"Bryhl, Mr. Kurt Arnold Gottfrid",male,25.0,1,0,236853,26.0,S,False,High
730,False,3,"Ilmakangas, Miss. Pieta Sofia",female,25.0,1,0,STON/O2. 3101271,7.925,S,False,Medium
731,True,1,"Allen, Miss. Elisabeth Walton",female,29.0,0,0,24160,211.3375,S,False,Very High
732,False,3,"Hassan, Mr. Houssein G N",male,11.0,0,0,2699,18.7875,C,True,High
733,False,2,"Knight, Mr. Robert J",male,28.0,0,0,239855,0.0,S,False,Low
734,False,2,"Berriman, Mr. William John",male,23.0,0,0,28425,13.0,S,False,Medium
735,False,2,"Troupiansky, Mr. Moses Aaron",male,23.0,0,0,233639,13.0,S,False,Medium
736,False,3,"Williams, Mr. Leslie",male,28.5,0,0,54636,16.1,S,False,High
737,False,3,"Ford, Mrs. Edward (Margaret Ann Watson)",female,48.0,1,3,W./C. 6608,34.375,S,False,Very High
738,True,1,"Lesurer, Mr. Gustave J",male,35.0,0,0,PC 17755,512.3292,C,False,Very High
739,False,3,"Ivanoff, Mr. Kanio",male,28.0,0,0,349201,7.8958,S,False,Low
740,False,3,"Nankoff, Mr. Minko",male,28.0,0,0,349218,7.8958,S,False,Low
741,True,1,"Hawksford, Mr. Walter James",male,28.0,0,0,16988,30.0,S,False,High
742,False,1,"Cavendish, Mr. Tyrell William",male,36.0,1,0,19877,78.85,S,False,Very High
743,True,1,"Ryerson, Miss. Susan Parker ""Suzette""",female,21.0,2,2,PC 17608,262.375,C,False,Very High
744,False,3,"McNamee, Mr. Neal",male,24.0,1,0,376566,16.1,S,False,High
745,True,3,"Stranden, Mr. Juho",male,31.0,0,0,STON/O 2. 3101288,7.925,S,False,Medium
746,False,1,"Crosby, Capt. Edward Gifford",male,70.0,1,1,WE/P 5735,71.0,S,False,Very High
747,False,3,"Abbott, Mr. Rossmore Edward",male,16.0,1,1,C.A. 2673,20.25,S,True,High
748,True,2,"Sinkkonen, Miss. Anna",female,30.0,0,0,250648,13.0,S,False,Medium
749,False,1,"Marvin, Mr. Daniel Warner",male,19.0,1,0,113773,53.1,S,False,Very High
750,False,3,"Connaghton, Mr. Michael",male,31.0,0,0,335097,7.75,Q,False,Low
751,True,2,"Wells, Miss. Joan",female,4.0,1,1,29103,23.0,S,True,High
752,True,3,"Moor, Master. Meier",male,6.0,0,1,392096,12.475,S,True,Medium
753,False,3,"Vande Velde, Mr. Johannes Joseph",male,33.0,0,0,345780,9.5,S,False,Medium
754,False,3,"Jonkoff, Mr. Lalio",male,23.0,0,0,349204,7.8958,S,False,Low
755,True,2,"Herman, Mrs. Samuel (Jane Laver)",female,48.0,1,2,220845,65.0,S,False,Very High
756,True,2,"Hamalainen, Master. Viljo",male,0.67,1,1,250649,14.5,S,True,High
757,False,3,"Carlsson, Mr. August Sigfrid",male,28.0,0,0,350042,7.7958,S,False,Low
758,False,2,"Bailey, Mr. Percy Andrew",male,18.0,0,0,29108,11.5,S,False,Medium
759,False,3,"Theobald, Mr. Thomas Leonard",male,34.0,0,0,363294,8.05,S,False,Medium
760,True,1,"Rothes, the Countess. of (Lucy Noel Martha Dyer-Edwards)",female,33.0,0,0,110152,86.5,S,False,Very High
761,False,3,"Garfirth, Mr. John",male,28.0,0,0,358585,14.5,S,False,High
762,False,3,"Nirva, Mr. Iisakki Antino Aijo",male,41.0,0,0,SOTON/O2 3101272,7.125,S,False,Low
763,True,3,"Barah, Mr. Hanna Assi",male,20.0,0,0,2663,7.2292,C,False,Low
764,True,1,"Carter, Mrs. William Ernest (Lucile Polk)",female,36.0,1,2,113760,120.0,S,False,Very High
765,False,3,"Eklund, Mr. Hans Linus",male,16.0,0,0,347074,7.775,S,True,Low
766,True,1,"Hogeboom, Mrs. John C (Anna Andrews)",female,51.0,1,0,13502,77.9583,S,False,Very High
767,False,1,"Brewe, Dr. Arthur Jackson",male,28.0,0,0,112379,39.6,C,False,Very High
768,False,3,"Mangan, Miss. Mary",female,30.5,0,0,364850,7.75,Q,False,Low
769,False,3,"Moran, Mr. Daniel J",male,28.0,1,0,371110,24.15,Q,False,High
770,False,3,"Gronnestad, Mr. Daniel Danielsen",male,32.0,0,0,8471,8.3625,S,False,Medium
771,False,3,"Lievens, Mr. Rene Aime",male,24.0,0,0,345781,9.5,S,False,Medium
772,False,3,"Jensen, Mr. Niels Peder",male,48.0,0,0,350047,7.8542,S,False,Low
773,False,2,"Mack, Mrs. (Mary)",female,57.0,0,0,S.O./P.P. 3,10.5,S,False,Medium
774,False,3,"Elias, Mr. Dibo",male,28.0,0,0,2674,7.225,C,False,Low
775,True,2,"Hocking, Mrs. Elizabeth (Eliza Needs)",female,54.0,1,3,29105,23.0,S,False,High
776,False,3,"Myhrman, Mr. Pehr Fabian Oliver Malkolm",male,18.0,0,0,347078,7.75,S,False,Low
777,False,3,"Tobin, Mr. Roger",male,28.0,0,0,383121,7.75,Q,False,Low
778,True,3,"Emanuel, Miss. Virginia Ethel",female,5.0,0,0,364516,12.475,S,True,Medium
779,False,3,"Kilgannon, Mr. Thomas J",male,28.0,0,0,36865,7.7375,Q,False,Low
780,True,1,"Robert, Mrs. Edward Scott (Elisabeth Walton McMillan)",female,43.0,0,1,24160,211.3375,S,False,Very High
781,True,3,"Ayoub, Miss. Banoura",female,13.0,0,0,2687,7.2292,C,True,Low
782,True,1,"Dick, Mrs. Albert Adrian (Vera Gillespie)",female,17.0,1,0,17474,57.0,S,True,Very High
783,False,1,"Long, Mr. Milton Clyde",male,29.0,0,0,113501,30.0,S,False,High
784,False,3,"Johnston, Mr. Andrew G",male,28.0,1,2,W./C. 6607,23.45,S,False,High
785,False,3,"Ali, Mr. William",male,25.0,0,0,SOTON/O.Q. 3101312,7.05,S,False,Low
786,False,3,"Harmer, Mr. Abraham (David Lishin)",male,25.0,0,0,374887,7.25,S,False,Low
787,True,3,"Sjoblom, Miss. Anna Sofia",female,18.0,0,0,3101265,7.4958,S,False,Low
788,False,3,"Rice, Master. George Hugh",male,8.0,4,1,382652,29.125,Q,True,High
789,True,3,"Dean, Master. Bertram Vere",male,1.0,1,2,C.A. 2315,20.575,S,True,High
790,False,1,"Guggenheim, Mr. Benjamin",male,46.0,0,0,PC 17593,79.2,C,False,Very High
791,False,3,"Keane, Mr. Andrew ""Andy""",male,28.0,0,0,12460,7.75,Q,False,Low
792,False,2,"Gaskell, Mr. Alfred",male,16.0,0,0,239865,26.0,S,True,High
793,False,3,"Sage, Miss. Stella Anna",female,28.0,8,2,CA. 2343,69.55,S,False,Very High
794,False,1,"Hoyt, Mr. William Fisher",male,28.0,0,0,PC 17600,30.6958,C,False,High
795,False,3,"Dantcheff, Mr. Ristiu",male,25.0,0,0,349203,7.8958,S,False,Low
796,False,2,"Otter, Mr. Richard",male,39.0,0,0,28213,13.0,S,False,Medium
797,True,1,"Leader, Dr. Alice (Farnham)",female,49.0,0,0,17465,25.9292,S,False,High
798,True,3,"Osman, Mrs. Mara",female,31.0,0,0,349244,8.6833,S,False,Medium
799,False,3,"Ibrahim Shawah, Mr. Yousseff",male,30.0,0,0,2685,7.2292,C,False,Low
800,False,3,"Van Impe, Mrs. Jean Baptiste (Rosalie Paula Govaert)",female,30.0,1,1,345773,24.15,S,False,High
801,False,2,"Ponesell, Mr. Martin",male,34.0,0,0,250647,13.0,S,False,Medium
802,True,2,"Collyer, Mrs. Harvey (Charlotte Annie Tate)",female,31.0,1,1,C.A. 31921,26.25,S,False,High
803,True,1,"Carter, Master. William Thornton II",male,11.0,1,2,113760,120.0,S,True,Very High
804,True,3,"Thomas, Master. Assad Alexander",male,0.42,0,1,2625,8.5167,C,True,Medium
805,True,3,"Hedman, Mr. Oskar Arvid",male,27.0,0,0,347089,6.975,S,False,Low
806,False,3,"Johansson, Mr. Karl Johan",male,31.0,0,0,347063,7.775,S,False,Low
807,False,1,"Andrews, Mr. Thomas Jr",male,39.0,0,0,112050,0.0,S,False,Low
808,False,3,"Pettersson, Miss. Ellen Natalia",female,18.0,0,0,347087,7.775,S,False,Low
809,False,2,"Meyer, Mr. August",male,39.0,0,0,248723,13.0,S,False,Medium
810,True,1,"Chambers, Mrs. Norman Campbell (Bertha Griggs)",female,33.0,1,0,113806,53.1,S,False,Very High
811,False,3,"Alexander, Mr. William",male,26.0,0,0,3474,7.8875,S,False,Low
812,False,3,"Lester, Mr. James",male,39.0,0,0,A/4 48871,24.15,S,False,High
813,False,2,"Slemen, Mr. Richard James",male,35.0,0,0,28206,10.5,S,False,Medium
814,False,3,"Andersson, Miss. Ebba Iris Alfrida",female,6.0,4,2,347082,31.275,S,True,Very High
815,False,3,"Tomlin, Mr. Ernest Portage",male,30.5,0,0,364499,8.05,S,False,Medium
816,False,1,"Fry, Mr. Richard",male,28.0,0,0,112058,0.0,S,False,Low
817,False,3,"Heininen, Miss. Wendla Maria",female,23.0,0,0,STON/O2. 3101290,7.925,S,False,Medium
818,False,2,"Mallet, Mr. Albert",male,31.0,1,1,S.C./PARIS 2079,37.0042,C,False,Very High
819,False,3,"Holm, Mr. John Fredrik Alexander",male,43.0,0,0,C 7075,6.45,S,False,Low
820,False,3,"Skoog, Master. Karl Thorsten",male,10.0,3,2,347088,27.9,S,True,High
821,True,1,"Hays, Mrs. Charles Melville (Clara Jennings Gregg)",female,52.0,1,1,12749,93.5,S,False,Very High
822,True,3,"Lulic, Mr. Nikola",male,27.0,0,0,315098,8.6625,S,False,Medium
823,False,1,"Reuchlin, Jonkheer. John George",male,38.0,0,0,19972,0.0,S,False,Low
824,True,3,"Moor, Mrs. (Beila)",female,27.0,0,1,392096,12.475,S,False,Medium
825,False,3,"Panula, Master. Urho Abraham",male,2.0,4,1,3101295,39.6875,S,True,Very High
826,False,3,"Flynn, Mr. John",male,28.0,0,0,368323,6.95,Q,False,Low
827,False,3,"Lam, Mr. Len",male,28.0,0,0,1601,56.4958,S,False,Very High
828,True,2,"Mallet, Master. Andre",male,1.0,0,2,S.C./PARIS 2079,37.0042,C,True,Very High
829,True,3,"McCormack, Mr. Thomas Joseph",male,28.0,0,0,367228,7.75,Q,False,Low
830,True,1,"Stone, Mrs. George Nelson (Martha Evelyn)",female,62.0,0,0,113572,80.0,S,False,Very High
831,True,3,"Yasbeck, Mrs. Antoni (Selini Alexander)",female,15.0,1,0,2659,14.4542,C,True,Medium
832,True,2,"Richards, Master. George Sibley",male,0.83,1,1,29106,18.75,S,True,High
833,False,3,"Saad, Mr. Amin",male,28.0,0,0,2671,7.2292,C,False,Low
834,False,3,"Augustsson, Mr. Albert",male,23.0,0,0,347468,7.8542,S,False,Low
835,False,3,"Allum, Mr. Owen George",male,18.0,0,0,2223,8.3,S,False,Medium
836,True,1,"Compton, Miss. Sara Rebecca",female,39.0,1,1,PC 17756,83.1583,C,False,Very High
837,False,3,"Pasic, Mr. Jakob",male,21.0,0,0,315097,8.6625,S,False,Medium
838,False,3,"Sirota, Mr. Maurice",male,28.0,0,0,392092,8.05,S,False,Medium
839,True,3,"Chip, Mr. Chang",male,32.0,0,0,1601,56.4958,S,False,Very High
840,True,1,"Marechal, Mr. Pierre",male,28.0,0,0,11774,29.7,C,False,High
841,False,3,"Alhomaki, Mr. Ilmari Rudolf",male,20.0,0,0,SOTON/O2 3101287,7.925,S,False,Medium
842,False,2,"Mudd, Mr. Thomas Charles",male,16.0,0,0,S.O./P.P. 3,10.5,S,True,Medium
843,True,1,"Serepeca, Miss. Augusta",female,30.0,0,0,113798,31.0,C,False,High
844,False,3,"Lemberopolous, Mr. Peter L",male,34.5,0,0,2683,6.4375,C,False,Low
845,False,3,"Culumovic, Mr. Jeso",male,17.0,0,0,315090,8.6625,S,True,Medium
846,False,3,"Abbing, Mr. Anthony",male,42.0,0,0,C.A. 5547,7.55,S,False,Low
847,False,3,"Sage, Mr. Douglas Bullen",male,28.0,8,2,CA. 2343,69.55,S,False,Very High
848,False,3,"Markoff, Mr. Marin",male,35.0,0,0,349213,7.8958,C,False,Low
849,False,2,"Harper, Rev. John",male,28.0,0,1,248727,33.0,S,False,Very High
850,True,1,"Goldenberg, Mrs. Samuel L (Edwiga Grabowska)",female,28.0,1,0,17453,89.1042,C,False,Very High
851,False,3,"Andersson, Master. Sigvard Harald Elias",male,4.0,4,2,347082,31.275,S,True,Very High
852,False,3,"Svensson, Mr. Johan",male,74.0,0,0,347060,7.775,S,False,Low
853,False,3,"Boulos, Miss. Nourelain",female,9.0,1,1,2678,15.2458,C,True,High
854,True,1,"Lines, Miss. Mary Conover",female,16.0,0,1,PC 17592,39.4,S,True,Very High
855,False,2,"Carter, Mrs. Ernest Courtenay (Lilian Hughes)",female,44.0,1,0,244252,26.0,S,False,High
856,True,3,"Aks, Mrs. Sam (Leah Rosen)",female,18.0,0,1,392091,9.35,S,False,Medium
857,True,1,"Wick, Mrs. George Dennick (Mary Hitchcock)",female,45.0,1,1,36928,164.8667,S,False,Very High
858,True,1,"Daly, Mr. Peter Denis ",male,51.0,0,0,113055,26.55,S,False,High
859,True,3,"Baclini, Mrs. Solomon (Latifa Qurban)",female,24.0,0,3,2666,19.2583,C,False,High
860,False,3,"Razi, Mr. Raihed",male,28.0,0,0,2629,7.2292,C,False,Low
861,False,3,"Hansen, Mr. Claus Peter",male,41.0,2,0,350026,14.1083,S,False,Medium
862,False,2,"Giles, Mr. Frederick Edward",male,21.0,1,0,28134,11.5,S,False,Medium
863,True,1,"Swift, Mrs. Frederick Joel (Margaret Welles Barron)",female,48.0,0,0,17466,25.9292,S,False,High
864,False,3,"Sage, Miss. Dorothy Edith ""Dolly""",female,28.0,8,2,CA. 2343,69.55,S,False,Very High
865,False,2,"Gill, Mr. John William",male,24.0,0,0,233866,13.0,S,False,Medium
866,True,2,"Bystrom, Mrs. (Karolina)",female,42.0,0,0,236852,13.0,S,False,Medium
867,True,2,"Duran y More, Miss. Asuncion",female,27.0,1,0,SC/PARIS 2149,13.8583,C,False,Medium
868,False,1,"Roebling, Mr. Washington Augustus II",male,31.0,0,0,PC 17590,50.4958,S,False,Very High
869,False,3,"van Melkebeke, Mr. Philemon",male,28.0,0,0,345777,9.5,S,False,Medium
870,True,3,"Johnson, Master. Harold Theodor",male,4.0,1,1,347742,11.1333,S,True,Medium
871,False,3,"Balkic, Mr. Cerin",male,26.0,0,0,349248,7.8958,S,False,Low
872,True,1,"Beckwith, Mrs. Richard Leonard (Sallie Monypeny)",female,47.0,1,1,11751,52.5542,S,False,Very High
873,False,1,"Carlsson, Mr. Frans Olof",male,33.0,0,0,695,5.0,S,False,Low
874,False,3,"Vander Cruyssen, Mr. Victor",male,47.0,0,0,345765,9.0,S,False,Medium
875,True,2,"Abelson, Mrs. Samuel (Hannah Wizosky)",female,28.0,1,0,P/PP 3381,24.0,C,False,High
876,True,3,"Najib, Miss. Adele Kiamie ""Jane""",female,15.0,0,0,2667,7.225,C,True,Low
877,False,3,"Gustafsson, Mr. Alfred Ossian",male,20.0,0,0,7534,9.8458,S,False,Medium
878,False,3,"Petroff, Mr. Nedelio",male,19.0,0,0,349212,7.8958,S,False,Low
879,False,3,"Laleff, Mr. Kristo",male,28.0,0,0,349217,7.8958,S,False,Low
880,True,1,"Potter, Mrs. Thomas Jr (Lily Alexenia Wilson)",female,56.0,0,1,11767,83.1583,C,False,Very High
881,True,2,"Shelley, Mrs. William (Imanita Parrish Hall)",female,25.0,0,1,230433,26.0,S,False,High
882,False,3,"Markun, Mr. Johann",male,33.0,0,0,349257,7.8958,S,False,Low
883,False,3,"Dahlberg, Miss. Gerda Ulrika",female,22.0,0,0,7552,10.5167,S,False,Medium
884,False,2,"Banfield, Mr. Frederick James",male,28.0,0,0,C.A./SOTON 34068,10.5,S,False,Medium
885,False,3,"Sutehall, Mr. Henry Jr",male,25.0,0,0,SOTON/OQ 392076,7.05,S,False,Low
886,False,3,"Rice, Mrs. William (Margaret Norton)",female,39.0,0,5,382652,29.125,Q,False,High
887,False,2,"Montvila, Rev. Juozas",male,27.0,0,0,211536,13.0,S,False,Medium
888,True,1,"Graham, Miss. Margaret Edith",female,19.0,0,0,112053,30.0,S,False,High
889,False,3,"Johnston, Miss. Catherine Helen ""Carrie""",female,28.0,1,2,W./C. 6607,23.45,S,False,High
890,True,1,"Behr, Mr. Karl Howell",male,26.0,0,0,111369,30.0,C,False,High
891,False,3,"Dooley, Mr. Patrick",male,32.0,0,0,370376,7.75,Q,False,Low
